species_marker_id,database_id,species_id,bin_uri,sequence_id,genbank_accession,marker_id
0,1,38,BOLD:AAB6066,4432070,KX049096,2
1,1,38,BOLD:AAB6066,4432071,KX048890,2
2,1,39,BOLD:AAC8312,4431796,KX048338,2
3,1,39,BOLD:AAC8312,4432069,KX049801,2
4,1,39,BOLD:AAC8312,4432068,KX049064,2
5,1,39,BOLD:AAC8312,4432292,KX048732,2
6,1,39,BOLD:AAC8312,4432067,KX049447,2
7,1,39,BOLD:AAC8312,4468561,KX049823,2
8,1,131,BOLD:ABX6076,4016046,KF946552,2
9,1,131,BOLD:ABX6076,4015861,KF946551,2
10,1,132,BOLD:AAB5171,4015959,KF946556,2
11,1,132,BOLD:AAB5171,4016077,KF946553,2
12,1,132,BOLD:AAB5171,4016012,KF946555,2
13,1,132,BOLD:AAB5171,4015901,KF946562,2
14,1,132,BOLD:AAB5171,4015996,KF946560,2
15,1,132,BOLD:AAB5171,4016017,KF946563,2
16,1,132,BOLD:AAB5171,4016035,KF946559,2
17,1,132,BOLD:AAB5171,4015964,KF946557,2
18,1,132,BOLD:AAB5171,4016073,KF946554,2
19,1,132,BOLD:AAB5171,4016061,KF946558,2
20,1,132,BOLD:AAB5171,4015937,KF946561,2
21,1,214,BOLD:AAJ6643,9728851,KY610214,2
22,1,214,BOLD:AAJ6643,9728850,KY610213,2
23,1,214,BOLD:AAJ6643,9728848,KY610211,2
24,1,214,BOLD:AAJ6643,9728847,KY610210,2
25,1,214,BOLD:AAJ6643,9728852,KY610215,2
26,1,214,BOLD:AAJ6643,9728849,KY610212,2
27,1,242,BOLD:ABX5484,4431752,KX047778,2
28,1,242,BOLD:ABX5484,4431751,KX050125,2
29,1,242,BOLD:ABX5484,4431753,KX048967,2
30,1,289,BOLD:AAA8796,4432198,KX048962,2
31,1,339,BOLD:AAD8752,4432076,KX048366,2
32,1,354,BOLD:AAC4724,4015921,KF946564,2
33,1,354,BOLD:AAC4724,4015841,KF946565,2
34,1,355,BOLD:AAD3886,4015848,KF946568,2
35,1,355,BOLD:AAD3886,4015819,KF946569,2
36,1,355,BOLD:AAD3886,4015840,KF946566,2
37,1,355,BOLD:AAD3886,4015915,KF946567,2
38,1,356,BOLD:AAC7604,4016030,KF946573,2
39,1,356,BOLD:AAC7604,4015827,KF946575,2
40,1,356,BOLD:AAC7604,4015785,KF946577,2
41,1,356,BOLD:AAC7604,4015853,KF946576,2
42,1,356,BOLD:AAC7604,4015956,KF946574,2
43,1,356,BOLD:AAC7604,4016019,KF946571,2
44,1,356,BOLD:AAC7604,4015830,KF946570,2
45,1,356,BOLD:AAC7604,4016043,KF946572,2
46,1,384,BOLD:AAB3300,4444195,KX047677,2
47,1,445,BOLD:ACH2127,6131844,KX844495,2
48,1,526,BOLD:AAF0847,4432236,KX050155,2
49,1,579,BOLD:ADC1189,12291923,MN102102,2
50,1,585,BOLD:AAA7067,8012427,MK403275,2
51,1,585,BOLD:AAA7067,8012374,MK403261,2
52,1,585,BOLD:AAA7067,8012422,MK403237,2
53,1,585,BOLD:AAA7067,8012368,MK403047,2
54,1,585,BOLD:AAA7067,8012381,MK403115,2
55,1,585,BOLD:AAA7067,8012400,MK403520,2
56,1,585,BOLD:AAA7067,8012407,MK403064,2
57,1,585,BOLD:AAA7067,8012380,MK403546,2
58,1,585,BOLD:AAA7067,8012351,MK403188,2
59,1,585,BOLD:AAA7067,8012387,MK403543,2
60,1,593,BOLD:AAB7660,4016040,KF946580,2
61,1,593,BOLD:AAB7660,4016027,KF946579,2
62,1,593,BOLD:AAB7660,4016031,KF946578,2
63,1,593,BOLD:AAB7660,4015858,KF946581,2
64,1,609,BOLD:AAC9600,6863548,KF317852,2
65,1,609,BOLD:AAC9600,6863549,KF317853,2
66,1,609,BOLD:AAC9600,6863550,KF317854,2
67,1,609,BOLD:AAC9600,6863551,KF317855,2
68,1,660,BOLD:AAJ1281,5275979,KF369596,3
69,1,660,BOLD:AAJ1281,5227225,KF369278,2
70,1,678,BOLD:AAP7561,4432467,KX048337,2
71,1,715,BOLD:AAB9919,4432378,KX049093,2
72,1,800,BOLD:AAC7415,4432291,KX048976,2
73,1,874,BOLD:AAE6869,4443473,KX049989,2
74,1,882,BOLD:AAD6457,4431977,KX049215,2
75,1,882,BOLD:AAD6457,4431976,KX049429,2
76,1,884,BOLD:AAC0283,4443457,KX049396,2
77,1,948,BOLD:AAB9113,4444202,KX050027,2
78,1,948,BOLD:AAB9113,4444203,KX048471,2
79,1,948,BOLD:AAB9113,4444204,KX049918,2
80,1,954,BOLD:AAD1898,4432278,KX048853,2
81,1,954,BOLD:AAD1898,4432277,KX047955,2
82,1,954,BOLD:AAD1898,4432046,KX049211,2
83,1,1015,BOLD:AAB4067,4016003,KF946583,2
84,1,1015,BOLD:AAB4067,4015990,KF946584,2
85,1,1015,BOLD:AAB4067,4015910,KF946586,2
86,1,1015,BOLD:AAB4067,4015998,KF946585,2
87,1,1015,BOLD:AAB4067,4015973,KF946582,2
88,1,1039,BOLD:AAC3136,4432196,KX048883,2
89,1,1039,BOLD:AAC3136,4432091,KX048981,2
90,1,1039,BOLD:AAC3136,4432095,KX048907,2
91,1,1039,BOLD:AAC3136,4432096,KX049364,2
92,1,1039,BOLD:AAC3136,4432092,KX049666,2
93,1,1039,BOLD:AAC3136,4432197,KX049728,2
94,1,1039,BOLD:AAC3136,4432094,KX049575,2
95,1,1039,BOLD:AAC3136,4432093,KX048548,2
96,1,1039,BOLD:AAC3136,4432195,KX049138,2
97,1,1159,BOLD:AAC3044,4015843,KF946589,2
98,1,1159,BOLD:AAC3044,4015794,KF946587,2
99,1,1159,BOLD:AAC3044,4015864,KF946588,2
100,1,1301,BOLD:AAD4822,4468544,KX048235,2
101,1,1518,BOLD:AAY9658,4809842,JX460938,2
102,1,1518,BOLD:AAY9658,4079206,JX495652,2
103,1,1524,BOLD:AAC7752,4432288,KX047711,2
104,1,1524,BOLD:AAC7752,4432287,KX047660,2
105,1,1524,BOLD:AAC7752,4432286,KX048099,2
106,1,1529,BOLD:AAB4107,4432061,KX048056,2
107,1,1672,BOLD:AAB5009,4016069,KF946590,2
108,1,1718,BOLD:ADW4675,11758463,KT587879,2
109,1,2094,BOLD:AAY8402,5276355,KJ837945,2
110,1,2185,BOLD:AAC2529,4015905,KF946592,2
111,1,2185,BOLD:AAC2529,4015773,KF946593,2
112,1,2186,BOLD:AAD2400,7219634,KF946594,2
113,1,2267,BOLD:AAD3064,4443529,KX047912,2
114,1,2602,BOLD:AAE0804,4431975,KX049799,2
115,1,2616,BOLD:ABZ6958,4432448,KX048633,2
116,1,2616,BOLD:ABZ6958,4432449,KX048319,2
117,1,2735,BOLD:AAD2227,4015746,KF946595,2
118,1,2809,BOLD:AAD6710,4432192,KX048765,2
119,1,2810,BOLD:AAB5839,4432126,KX048723,2
120,1,2810,BOLD:AAB5839,4432193,KX049119,2
121,1,2812,BOLD:AAC0366,4432121,KX048350,2
122,1,2812,BOLD:AAC0366,4432119,KX049432,2
123,1,2812,BOLD:AAC0366,4432123,KX048585,2
124,1,2812,BOLD:AAC0366,4432122,KX049445,2
125,1,2812,BOLD:AAC0366,4432190,KX049227,2
126,1,2812,BOLD:AAC0366,4432118,KX048038,2
127,1,2812,BOLD:AAC0366,4432120,KX047972,2
128,1,2822,BOLD:AAA8530,4432298,KX048504,2
129,1,2822,BOLD:AAA8530,4432296,KX048322,2
130,1,2822,BOLD:AAA8530,4432297,KX047607,2
131,1,2844,BOLD:AAB3738,7219637,KF946597,2
132,1,2844,BOLD:AAB3738,7219636,KF946596,2
133,1,2844,BOLD:AAB3738,2519662,JN801267,2
134,1,2887,BOLD:AAJ1655,5442711,KC194811,2
135,1,2887,BOLD:AAJ1655,5442709,KC194813,2
136,1,2887,BOLD:AAJ1655,5442708,KC194814,2
137,1,2887,BOLD:AAJ1655,5442710,KC194812,2
138,1,2910,BOLD:AAD9604,4431930,KX047654,2
139,1,2910,BOLD:AAD9604,4432481,KX047712,2
140,1,2910,BOLD:AAD9604,4432480,KX049204,2
141,1,2910,BOLD:AAD9604,4432170,KX049274,2
142,1,2910,BOLD:AAD9604,4431931,KX049867,2
143,1,2910,BOLD:AAD9604,4432231,KX048075,2
144,1,2918,BOLD:AAA8888,4432233,KX049646,2
145,1,2918,BOLD:AAA8888,4432351,KX047603,2
146,1,2918,BOLD:AAA8888,4432479,KX047976,2
147,1,2918,BOLD:AAA8888,4432478,KX048683,2
148,1,2918,BOLD:AAA8888,4432477,KX048010,2
149,1,2918,BOLD:AAA8888,4432475,KX050077,2
150,1,2918,BOLD:AAA8888,4432476,KX049790,2
151,1,2930,BOLD:AAE6255,4468581,KX048287,2
152,1,2930,BOLD:AAE6255,4468582,KX050096,2
153,1,2930,BOLD:AAE6255,4431932,KX048098,2
154,1,2930,BOLD:AAE6255,4432169,KX048599,2
155,1,2932,BOLD:AAE6257,4432235,KX049656,2
156,1,2932,BOLD:AAE6257,4432234,KX049323,2
157,1,3129,BOLD:AAA1996,3153387,DQ144845,2
158,1,3129,BOLD:AAA1998,3153381,DQ144851,2
159,1,3129,BOLD:ADZ1377,3153380,DQ144852,2
160,1,3129,BOLD:AAA1996,3153388,DQ144844,2
161,1,3132,BOLD:AAB6044,4016057,KF946598,2
162,1,3133,BOLD:AAB3805,4016051,KF946600,2
163,1,3133,BOLD:AAB3805,7219639,KF946599,2
164,1,3133,BOLD:AAB3805,4015963,KF946601,2
165,1,3165,BOLD:AAD1923,4431928,KX047662,2
166,1,3165,BOLD:AAD1923,4468570,KX049305,2
167,1,3165,BOLD:AAD1923,4432428,KX048091,2
168,1,3550,BOLD:AAC2226,9720870,KP728326,2
169,1,3550,BOLD:AAC2226,9720871,KP728327,2
170,1,3550,BOLD:AAC2226,9720898,KP728364,2
171,1,3550,BOLD:AAC2226,9720844,KP728290,2
172,1,3550,BOLD:AAC2226,9720892,KP728356,2
173,1,3550,BOLD:AAC2226,11723613,KP728374,2
174,1,3550,BOLD:AAC2226,11723605,KP728343,2
175,1,3550,BOLD:AAC2226,11723604,KP728340,2
176,1,3550,BOLD:AAC2226,9720864,KP728315,2
177,1,3550,BOLD:AAC2226,9720876,KP728334,2
178,1,3550,BOLD:AAC2226,9720851,KP728297,2
179,1,3550,BOLD:AAC2226,11723611,KP728367,2
180,1,3550,BOLD:AAC2226,9720855,KP728305,2
181,1,3550,BOLD:AAC2226,9720848,KP728294,2
182,1,3550,BOLD:AAC2226,11723606,KP728344,2
183,1,3550,BOLD:AAC2226,11723607,KP728345,2
184,1,3550,BOLD:AAC2226,9720850,KP728296,2
185,1,3550,BOLD:AAC2226,9720889,KP728353,2
186,1,3550,BOLD:AAC2226,9720852,KP728299,2
187,1,3550,BOLD:AAC2226,11723601,KP728330,2
188,1,3550,BOLD:AAC2226,9720853,KP728300,2
189,1,3550,BOLD:AAC2226,9720883,KP728347,2
190,1,3550,BOLD:AAC2226,9720885,KP728349,2
191,1,3550,BOLD:AAC2226,9720874,KP728332,2
192,1,3550,BOLD:AAC2226,11723600,KP728328,2
193,1,3550,BOLD:AAC2226,9720849,KP728295,2
194,1,3550,BOLD:AAC2226,11723593,KP728304,2
195,1,3550,BOLD:AAC2226,11723614,KP728375,2
196,1,3550,BOLD:AAC2226,9720900,KP728368,2
197,1,3550,BOLD:AAC2226,9720872,KP728329,2
198,1,3550,BOLD:AAC2226,9720881,KP728342,2
199,1,3550,BOLD:AAC2226,9720877,KP728336,2
200,1,3550,BOLD:AAC2226,9720839,KP728284,2
201,1,3550,BOLD:AAC2226,9720875,KP728333,2
202,1,3550,BOLD:AAC2226,9720842,KP728288,2
203,1,3550,BOLD:AAC2226,9720841,KP728286,2
204,1,3550,BOLD:AAC2226,9720880,KP728341,2
205,1,3550,BOLD:AAC2226,9720896,KP728362,2
206,1,3550,BOLD:AAC2226,11723599,KP728325,2
207,1,3550,BOLD:AAC2226,9720890,KP728354,2
208,1,3550,BOLD:AAC2226,9720869,KP728322,2
209,1,3550,BOLD:AAC2226,9720847,KP728293,2
210,1,3550,BOLD:AAC2226,9720857,KP728307,2
211,1,3550,BOLD:AAC2226,11723608,KP728357,2
212,1,3550,BOLD:AAC2226,11723597,KP728323,2
213,1,3550,BOLD:AAC2226,11723589,KP728287,2
214,1,3550,BOLD:AAC2226,9720843,KP728289,2
215,1,3550,BOLD:AAC2226,9720840,KP728285,2
216,1,3550,BOLD:AAC2226,9720868,KP728321,2
217,1,3550,BOLD:AAC2226,9720856,KP728306,2
218,1,3550,BOLD:AAC2226,11723612,KP728369,2
219,1,3550,BOLD:AAC2226,9720865,KP728316,2
220,1,3550,BOLD:AAC2226,9720888,KP728352,2
221,1,3550,BOLD:AAC2226,9720861,KP728312,2
222,1,3550,BOLD:AAC2226,9720873,KP728331,2
223,1,3550,BOLD:AAC2226,9720895,KP728361,2
224,1,3550,BOLD:AAC2226,9720882,KP728346,2
225,1,3577,BOLD:AAB4345,10711050,MF679375,2
226,1,3577,BOLD:AAB4345,10711061,MF679386,2
227,1,3577,BOLD:AAB4345,10711058,MF679383,2
228,1,3577,BOLD:AAB4345,10711055,MF679380,2
229,1,3577,BOLD:AAB4345,10711048,MF679373,2
230,1,3577,BOLD:AAB4345,10710898,MF679223,2
231,1,3577,BOLD:AAB4345,10711015,MF679340,2
232,1,3577,BOLD:AAB4345,10710993,MF679318,2
233,1,3577,BOLD:AAB4345,10710991,MF679316,2
234,1,3577,BOLD:AAB4345,10711193,MF679518,2
235,1,3577,BOLD:AAB4345,10711187,MF679512,2
236,1,3577,BOLD:AAB4345,10710908,MF679233,2
237,1,3577,BOLD:AAB4345,10711037,MF679362,2
238,1,3577,BOLD:AAB4345,4432064,KX048022,2
239,1,3577,BOLD:AAB4345,10711119,MF679444,2
240,1,3577,BOLD:AAB4345,10711152,MF679477,2
241,1,3577,BOLD:AAB4345,10711191,MF679516,2
242,1,3577,BOLD:AAB4345,10711126,MF679451,2
243,1,3577,BOLD:AAB4345,10710902,MF679227,2
244,1,3577,BOLD:AAB4345,10711123,MF679448,2
245,1,3577,BOLD:AAB4345,10711091,MF679416,2
246,1,3577,BOLD:AAB4345,10711089,MF679414,2
247,1,3577,BOLD:AAB4345,10711079,MF679404,2
248,1,3577,BOLD:AAB4345,10711069,MF679394,2
249,1,3577,BOLD:AAB4345,10711067,MF679392,2
250,1,3577,BOLD:AAB4345,10711063,MF679388,2
251,1,3577,BOLD:AAB4345,10710977,MF679302,2
252,1,3577,BOLD:AAB4345,10711189,MF679514,2
253,1,3577,BOLD:AAB4345,4432065,KX048856,2
254,1,3577,BOLD:AAB4345,10710976,MF679301,2
255,1,3577,BOLD:AAB4345,10711131,MF679456,2
256,1,3577,BOLD:AAB4345,10710959,MF679284,2
257,1,3577,BOLD:AAB4345,10711118,MF679443,2
258,1,3577,BOLD:AAB4345,10711075,MF679400,2
259,1,3577,BOLD:AAB4345,10711065,MF679390,2
260,1,3577,BOLD:AAB4345,10711060,MF679385,2
261,1,3577,BOLD:AAB4345,10710955,MF679280,2
262,1,3577,BOLD:AAB4345,10710966,MF679291,2
263,1,3577,BOLD:AAB4345,10710970,MF679295,2
264,1,3577,BOLD:AAB4345,10710974,MF679299,2
265,1,3577,BOLD:AAB4345,10710981,MF679306,2
266,1,3577,BOLD:AAB4345,10710982,MF679307,2
267,1,3577,BOLD:AAB4345,10710988,MF679313,2
268,1,3577,BOLD:AAB4345,10711167,MF679492,2
269,1,3577,BOLD:AAB4345,10711162,MF679487,2
270,1,3577,BOLD:AAB4345,10711143,MF679468,2
271,1,3577,BOLD:AAB4345,10710960,MF679285,2
272,1,3577,BOLD:AAB4345,10711141,MF679466,2
273,1,3577,BOLD:AAB4345,10711132,MF679457,2
274,1,3577,BOLD:AAB4345,10710904,MF679229,2
275,1,3577,BOLD:AAB4345,10711025,MF679350,2
276,1,3577,BOLD:AAB4345,10711100,MF679425,2
277,1,3577,BOLD:AAB4345,10711074,MF679399,2
278,1,3577,BOLD:AAB4345,10711039,MF679364,2
279,1,3577,BOLD:AAB4345,10711029,MF679354,2
280,1,3577,BOLD:AAB4345,10711024,MF679349,2
281,1,3577,BOLD:AAB4345,10711002,MF679327,2
282,1,3577,BOLD:AAB4345,10711112,MF679437,2
283,1,3577,BOLD:AAB4345,10710951,MF679276,2
284,1,3577,BOLD:AAB4345,10710903,MF679228,2
285,1,3577,BOLD:AAB4345,10710899,MF679224,2
286,1,3577,BOLD:AAB4345,10710954,MF679279,2
287,1,3577,BOLD:AAB4345,10711139,MF679464,2
288,1,3577,BOLD:AAB4345,10710907,MF679232,2
289,1,3577,BOLD:AAB4345,10711056,MF679381,2
290,1,3577,BOLD:AAB4345,10710962,MF679287,2
291,1,3577,BOLD:AAB4345,10711009,MF679334,2
292,1,3577,BOLD:AAB4345,10710987,MF679312,2
293,1,3577,BOLD:AAB4345,10710965,MF679290,2
294,1,3577,BOLD:AAB4345,10710971,MF679296,2
295,1,3577,BOLD:AAB4345,10711044,MF679369,2
296,1,3577,BOLD:AAB4345,10710979,MF679304,2
297,1,3577,BOLD:AAB4345,10710963,MF679288,2
298,1,3577,BOLD:AAB4345,10710942,MF679267,2
299,1,3577,BOLD:AAB4345,10710940,MF679265,2
300,1,3577,BOLD:AAB4345,10710939,MF679264,2
301,1,3577,BOLD:AAB4345,10710929,MF679254,2
302,1,3577,BOLD:AAB4345,10710916,MF679241,2
303,1,3577,BOLD:AAB4345,10710992,MF679317,2
304,1,3577,BOLD:AAB4345,10711054,MF679379,2
305,1,3577,BOLD:AAB4345,10710921,MF679246,2
306,1,3577,BOLD:AAB4345,10711082,MF679407,2
307,1,3577,BOLD:AAB4345,10710968,MF679293,2
308,1,3577,BOLD:AAB4345,10711185,MF679510,2
309,1,3577,BOLD:AAB4345,10711068,MF679393,2
310,1,3577,BOLD:AAB4345,10711170,MF679495,2
311,1,3577,BOLD:AAB4345,10711168,MF679493,2
312,1,3577,BOLD:AAB4345,10711161,MF679486,2
313,1,3577,BOLD:AAB4345,10711176,MF679501,2
314,1,3577,BOLD:AAB4345,10711114,MF679439,2
315,1,3577,BOLD:AAB4345,10710932,MF679257,2
316,1,3577,BOLD:AAB4345,10711105,MF679430,2
317,1,3577,BOLD:AAB4345,10711084,MF679409,2
318,1,3577,BOLD:AAB4345,10711158,MF679483,2
319,1,3577,BOLD:AAB4345,10711133,MF679458,2
320,1,3577,BOLD:AAB4345,10711012,MF679337,2
321,1,3577,BOLD:AAB4345,10711190,MF679515,2
322,1,3577,BOLD:AAB4345,10711038,MF679363,2
323,1,3577,BOLD:AAB4345,10710950,MF679275,2
324,1,3577,BOLD:AAB4345,10710953,MF679278,2
325,1,3577,BOLD:AAB4345,10710917,MF679242,2
326,1,3577,BOLD:AAB4345,10710901,MF679226,2
327,1,3577,BOLD:AAB4345,10710931,MF679256,2
328,1,3577,BOLD:AAB4345,10710972,MF679297,2
329,1,3577,BOLD:AAB4345,10710980,MF679305,2
330,1,3577,BOLD:AAB4345,10710986,MF679311,2
331,1,3577,BOLD:AAB4345,10710998,MF679323,2
332,1,3577,BOLD:AAB4345,10711036,MF679361,2
333,1,3577,BOLD:AAB4345,10711040,MF679365,2
334,1,3577,BOLD:AAB4345,10711043,MF679368,2
335,1,3577,BOLD:AAB4345,10711064,MF679389,2
336,1,3577,BOLD:AAB4345,10711077,MF679402,2
337,1,3577,BOLD:AAB4345,10711180,MF679505,2
338,1,3577,BOLD:AAB4345,10711155,MF679480,2
339,1,3577,BOLD:AAB4345,10711153,MF679478,2
340,1,3577,BOLD:AAB4345,10711145,MF679470,2
341,1,3577,BOLD:AAB4345,10711140,MF679465,2
342,1,3577,BOLD:AAB4345,10711136,MF679461,2
343,1,3577,BOLD:AAB4345,10710905,MF679230,2
344,1,3577,BOLD:AAB4345,10711128,MF679453,2
345,1,3577,BOLD:AAB4345,10711122,MF679447,2
346,1,3577,BOLD:AAB4345,10711102,MF679427,2
347,1,3577,BOLD:AAB4345,10711099,MF679424,2
348,1,3577,BOLD:AAB4345,10711094,MF679419,2
349,1,3577,BOLD:AAB4345,10711087,MF679412,2
350,1,3577,BOLD:AAB4345,10711080,MF679405,2
351,1,3577,BOLD:AAB4345,10711124,MF679449,2
352,1,3577,BOLD:AAB4345,10711194,MF679519,2
353,1,3577,BOLD:AAB4345,10711027,MF679352,2
354,1,3577,BOLD:AAB4345,10711135,MF679460,2
355,1,3577,BOLD:AAB4345,10710961,MF679286,2
356,1,3577,BOLD:AAB4345,10710937,MF679262,2
357,1,3577,BOLD:AAB4345,10710926,MF679251,2
358,1,3577,BOLD:AAB4345,10710947,MF679272,2
359,1,3577,BOLD:AAB4345,10710964,MF679289,2
360,1,3577,BOLD:AAB4345,10710975,MF679300,2
361,1,3577,BOLD:AAB4345,10710985,MF679310,2
362,1,3577,BOLD:AAB4345,10710990,MF679315,2
363,1,3577,BOLD:AAB4345,10711004,MF679329,2
364,1,3577,BOLD:AAB4345,10711010,MF679335,2
365,1,3577,BOLD:AAB4345,10711011,MF679336,2
366,1,3577,BOLD:AAB4345,10711013,MF679338,2
367,1,3577,BOLD:AAB4345,10711028,MF679353,2
368,1,3577,BOLD:AAB4345,10711076,MF679401,2
369,1,3577,BOLD:AAB4345,10711083,MF679408,2
370,1,3577,BOLD:AAB4345,10710922,MF679247,2
371,1,3577,BOLD:AAB4345,10711103,MF679428,2
372,1,3577,BOLD:AAB4345,10711115,MF679440,2
373,1,3577,BOLD:AAB4345,10711127,MF679452,2
374,1,3577,BOLD:AAB4345,10711072,MF679397,2
375,1,3577,BOLD:AAB4345,10711138,MF679463,2
376,1,3577,BOLD:AAB4345,10711144,MF679469,2
377,1,3577,BOLD:AAB4345,10711166,MF679491,2
378,1,3577,BOLD:AAB4345,10711129,MF679454,2
379,1,3577,BOLD:AAB4345,10710930,MF679255,2
380,1,3577,BOLD:AAB4345,10711070,MF679395,2
381,1,3577,BOLD:AAB4345,10710969,MF679294,2
382,1,3577,BOLD:AAB4345,10710895,MF679220,2
383,1,3577,BOLD:AAB4345,10710938,MF679263,2
384,1,3577,BOLD:AAB4345,10710924,MF679249,2
385,1,3577,BOLD:AAB4345,10711104,MF679429,2
386,1,3577,BOLD:AAB4345,10710920,MF679245,2
387,1,3577,BOLD:AAB4345,10710913,MF679238,2
388,1,3577,BOLD:AAB4345,10710912,MF679237,2
389,1,3577,BOLD:AAB4345,10710984,MF679309,2
390,1,3577,BOLD:AAB4345,10711005,MF679330,2
391,1,3577,BOLD:AAB4345,10710945,MF679270,2
392,1,3577,BOLD:AAB4345,10710927,MF679252,2
393,1,3577,BOLD:AAB4345,10710923,MF679248,2
394,1,3577,BOLD:AAB4345,10711090,MF679415,2
395,1,3577,BOLD:AAB4345,10711107,MF679432,2
396,1,3577,BOLD:AAB4345,10711022,MF679347,2
397,1,3577,BOLD:AAB4345,10711053,MF679378,2
398,1,3577,BOLD:AAB4345,10711045,MF679370,2
399,1,3577,BOLD:AAB4345,10711085,MF679410,2
400,1,3577,BOLD:AAB4345,10711086,MF679411,2
401,1,3577,BOLD:AAB4345,10711184,MF679509,2
402,1,3577,BOLD:AAB4345,10711173,MF679498,2
403,1,3577,BOLD:AAB4345,10711165,MF679490,2
404,1,3577,BOLD:AAB4345,10711157,MF679482,2
405,1,3577,BOLD:AAB4345,10711026,MF679351,2
406,1,3577,BOLD:AAB4345,10711156,MF679481,2
407,1,3577,BOLD:AAB4345,10711120,MF679445,2
408,1,3577,BOLD:AAB4345,10711113,MF679438,2
409,1,3577,BOLD:AAB4345,10711110,MF679435,2
410,1,3577,BOLD:AAB4345,10711066,MF679391,2
411,1,3577,BOLD:AAB4345,10711059,MF679384,2
412,1,3577,BOLD:AAB4345,10711049,MF679374,2
413,1,3577,BOLD:AAB4345,10711151,MF679476,2
414,1,3577,BOLD:AAB4345,10711108,MF679433,2
415,1,3577,BOLD:AAB4345,10711134,MF679459,2
416,1,3577,BOLD:AAB4345,10711121,MF679446,2
417,1,3577,BOLD:AAB4345,10710911,MF679236,2
418,1,3577,BOLD:AAB4345,10710919,MF679244,2
419,1,3577,BOLD:AAB4345,10710897,MF679222,2
420,1,3577,BOLD:AAB4345,10710956,MF679281,2
421,1,3577,BOLD:AAB4345,10711192,MF679517,2
422,1,3577,BOLD:AAB4345,10710973,MF679298,2
423,1,3577,BOLD:AAB4345,10710967,MF679292,2
424,1,3577,BOLD:AAB4345,10710958,MF679283,2
425,1,3577,BOLD:AAB4345,10710978,MF679303,2
426,1,3577,BOLD:AAB4345,10711000,MF679325,2
427,1,3577,BOLD:AAB4345,10711008,MF679333,2
428,1,3577,BOLD:AAB4345,10711041,MF679366,2
429,1,3577,BOLD:AAB4345,10711042,MF679367,2
430,1,3577,BOLD:AAB4345,10711073,MF679398,2
431,1,3577,BOLD:AAB4345,10711078,MF679403,2
432,1,3577,BOLD:AAB4345,10711081,MF679406,2
433,1,3577,BOLD:AAB4345,10711088,MF679413,2
434,1,3577,BOLD:AAB4345,10711101,MF679426,2
435,1,3577,BOLD:AAB4345,10711106,MF679431,2
436,1,3577,BOLD:AAB4345,10711016,MF679341,2
437,1,3577,BOLD:AAB4345,10711109,MF679434,2
438,1,3577,BOLD:AAB4345,10711116,MF679441,2
439,1,3577,BOLD:AAB4345,10711137,MF679462,2
440,1,3577,BOLD:AAB4345,10711142,MF679467,2
441,1,3577,BOLD:AAB4345,10711149,MF679474,2
442,1,3577,BOLD:AAB4345,10711150,MF679475,2
443,1,3577,BOLD:AAB4345,10711154,MF679479,2
444,1,3577,BOLD:AAB4345,10711160,MF679485,2
445,1,3577,BOLD:AAB4345,10711169,MF679494,2
446,1,3577,BOLD:AAB4345,10711125,MF679450,2
447,1,3577,BOLD:AAB4345,10711051,MF679376,2
448,1,3577,BOLD:AAB4345,10711146,MF679471,2
449,1,3577,BOLD:AAB4345,10710928,MF679253,2
450,1,3577,BOLD:AAB4345,10711182,MF679507,2
451,1,3577,BOLD:AAB4345,10710892,MF679217,2
452,1,3577,BOLD:AAB4345,10711111,MF679436,2
453,1,3577,BOLD:AAB4345,10711021,MF679346,2
454,1,3577,BOLD:AAB4345,10711148,MF679473,2
455,1,3577,BOLD:AAB4345,10711057,MF679382,2
456,1,3577,BOLD:AAB4345,10711188,MF679513,2
457,1,3577,BOLD:AAB4345,10710894,MF679219,2
458,1,3577,BOLD:AAB4345,10710906,MF679231,2
459,1,3577,BOLD:AAB4345,10710914,MF679239,2
460,1,3577,BOLD:AAB4345,10710918,MF679243,2
461,1,3577,BOLD:AAB4345,10710925,MF679250,2
462,1,3577,BOLD:AAB4345,10711023,MF679348,2
463,1,3577,BOLD:AAB4345,10710946,MF679271,2
464,1,3577,BOLD:AAB4345,10710952,MF679277,2
465,1,3577,BOLD:AAB4345,10710957,MF679282,2
466,1,3577,BOLD:AAB4345,10710983,MF679308,2
467,1,3577,BOLD:AAB4345,10710989,MF679314,2
468,1,3577,BOLD:AAB4345,10711003,MF679328,2
469,1,3577,BOLD:AAB4345,10711052,MF679377,2
470,1,3577,BOLD:AAB4345,10710900,MF679225,2
471,1,3577,BOLD:AAB4345,10711098,MF679423,2
472,1,3577,BOLD:AAB4345,10710909,MF679234,2
473,1,3577,BOLD:AAB4345,10710896,MF679221,2
474,1,3577,BOLD:AAB4345,10711163,MF679488,2
475,1,3577,BOLD:AAB4345,10711186,MF679511,2
476,1,3577,BOLD:AAB4345,4443460,KX048748,2
477,1,3577,BOLD:AAB4345,10711179,MF679504,2
478,1,3577,BOLD:AAB4345,10711062,MF679387,2
479,1,3577,BOLD:AAB4345,10711164,MF679489,2
480,1,3577,BOLD:AAB4345,10711159,MF679484,2
481,1,3577,BOLD:AAB4345,10711147,MF679472,2
482,1,3577,BOLD:AAB4345,10711130,MF679455,2
483,1,3577,BOLD:AAB4345,10711117,MF679442,2
484,1,3577,BOLD:AAB4345,10711175,MF679500,2
485,1,3577,BOLD:AAB4345,10711071,MF679396,2
486,1,3592,BOLD:AAB6626,4432029,KX047691,2
487,1,3592,BOLD:AAB6626,4468587,KX048234,2
488,1,3592,BOLD:AAB6626,4468588,KX048810,2
489,1,3860,BOLD:ABZ6897,4432444,KX048737,2
490,1,3882,BOLD:AAI7774,4432437,KX048292,2
491,1,3882,BOLD:AAI7774,4431966,KX049936,2
492,1,4081,BOLD:AAB4693,4431823,KX048220,2
493,1,4081,BOLD:AAB4693,4431824,KX047792,2
494,1,4122,BOLD:AAF0414,4431986,KX048719,2
495,1,4122,BOLD:AAF0414,4432370,KX048386,2
496,1,4270,BOLD:AAC4227,4015933,KF946606,2
497,1,4270,BOLD:AAC4227,4015758,KF946604,2
498,1,4270,BOLD:AAC4227,4015838,KF946607,2
499,1,4271,BOLD:AAW7468,4015935,KF946605,2
500,1,4696,BOLD:AAB9592,4432136,KX049523,2
501,1,4699,BOLD:AAD3661,4432240,KX049278,2
502,1,4699,BOLD:AAD3661,4432443,KX048391,2
503,1,4699,BOLD:AAD3661,4432137,KX047936,2
504,1,4710,BOLD:AAB4931,4196877,JX215352,2
505,1,4710,BOLD:AAB4931,4196871,JX215353,2
506,1,4710,BOLD:AAB4931,4196878,JX215350,2
507,1,4710,BOLD:AAB4931,4196876,JX215351,2
508,1,4710,BOLD:AAB4931,4196872,JX215354,2
509,1,4714,BOLD:AAU3108,4196868,JX215358,2
510,1,4714,BOLD:AAU3108,4196869,JX215356,2
511,1,4714,BOLD:AAU3108,4432248,JX215357,2
512,1,4714,BOLD:AAU3108,4196870,JX215359,2
513,1,4723,BOLD:AAI8482,4431967,JX215364,2
514,1,4723,BOLD:AAI8482,4196873,JX215362,2
515,1,4723,BOLD:AAI8482,4196880,JX215360,2
516,1,4723,BOLD:AAI8482,4196881,JX215365,2
517,1,4723,BOLD:AAI8482,4196874,JX215361,2
518,1,4723,BOLD:AAI8482,4196879,JX215363,2
519,1,4751,BOLD:AAC7293,4443557,KX047773,2
520,1,4764,BOLD:AAB3969,4016033,KF946610,2
521,1,4764,BOLD:AAB3969,4015995,KF946611,2
522,1,4764,BOLD:AAB3969,4015912,KF946609,2
523,1,4764,BOLD:AAB3969,4015981,KF946612,2
524,1,4764,BOLD:AAB3969,4015872,KF946613,2
525,1,4764,BOLD:AAB3969,7219648,KF946608,2
526,1,4792,BOLD:AAA6653,4468536,KX049730,2
527,1,4793,BOLD:AAA9589,4443904,KX047970,2
528,1,4793,BOLD:AAA9589,4432332,KX049372,2
529,1,4793,BOLD:AAA9589,4468537,KX049448,2
530,1,4793,BOLD:AAA9589,4468535,KX048057,2
531,1,4889,BOLD:AAB3296,4016072,KF946614,2
532,1,4968,BOLD:AAB5204,4444212,KX048568,2
533,1,4968,BOLD:AAB5204,4443916,KX049648,2
534,1,4968,BOLD:AAB5204,4443915,KX049503,2
535,1,4968,BOLD:AAB5204,4443917,KX048955,2
536,1,5005,BOLD:AAD2588,4468573,KX048749,2
537,1,5005,BOLD:AAD2588,4468572,KX049081,2
538,1,5009,BOLD:AAE3456,5115950,MW214644,2
539,1,5009,BOLD:AAE3456,4432495,KX050134,2
540,1,5009,BOLD:AAE3456,4432494,KX049905,2
541,1,5018,BOLD:AAN2615,4431926,KX048273,2
542,1,5018,BOLD:AAN2615,4432171,KX050159,2
543,1,5046,BOLD:AAA1236,2701064,GQ143932,2
544,1,5046,BOLD:AAA1236,4432509,KX049124,2
545,1,5046,BOLD:AAA1236,2701066,GQ143937,2
546,1,5046,BOLD:AAA1236,4432510,KX048202,2
547,1,5046,BOLD:AAA1236,4432362,KX049334,2
548,1,5046,BOLD:AAA1236,5125076,MW213982,2
549,1,5046,BOLD:AAA1236,5115968,MW213304,2
550,1,5046,BOLD:AAA1236,5115967,MW214153,2
551,1,5046,BOLD:AAA1236,5115923,MW214548,2
552,1,5046,BOLD:AAA1236,2701065,GQ143935,2
553,1,5046,BOLD:AAA1236,2701063,GQ143949,2
554,1,5046,BOLD:AAA1236,4432512,KX050097,2
555,1,5046,BOLD:AAA1236,4432511,KX050137,2
556,1,5046,BOLD:AAA1236,5115922,MW213783,2
557,1,5153,BOLD:AAA8017,4444234,KX048963,2
558,1,5153,BOLD:AAA8017,4444233,KX049571,2
559,1,5153,BOLD:AAA8017,4444235,KX048647,2
560,1,5190,BOLD:AAA1542,11750649,KU291023,2
561,1,5241,BOLD:AAW8077,14253885,MW551050,2
562,1,5241,BOLD:AAW8077,14253883,MW551048,2
563,1,5241,BOLD:AAW8077,14253887,MW551052,2
564,1,5241,BOLD:AAW8077,14253886,MW551051,2
565,1,5241,BOLD:AAW8077,14253884,MW551049,2
566,1,5241,BOLD:AAW8077,14253882,MW551047,2
567,1,5298,BOLD:ACD2778,6131807,KX844500,2
568,1,5302,BOLD:AAB0177,4432205,KX048144,2
569,1,5302,BOLD:AAB0177,4432206,KX050024,2
570,1,5319,BOLD:AAB4439,4015859,KF946617,2
571,1,5330,BOLD:AAF1850,4432421,KX048365,2
572,1,5380,BOLD:AAV0572,4432244,KX049933,2
573,1,5382,BOLD:AAV7765,4431987,KX047940,2
574,1,5420,BOLD:AAC2080,4443479,KX049397,2
575,1,5420,BOLD:AAC2080,4432254,KX049641,2
576,1,5468,BOLD:AAC6797,4444221,KX048631,2
577,1,5468,BOLD:AAC6797,4432249,KX047903,2
578,1,5468,BOLD:AAC6797,4443509,KX048085,2
579,1,5824,BOLD:ABZ3203,4015974,KF946630,2
580,1,5824,BOLD:ABZ3203,4015787,KF946636,2
581,1,5824,BOLD:ABZ3203,4015966,KF946629,2
582,1,5824,BOLD:ABZ3203,4015793,KF946634,2
583,1,5824,BOLD:ABZ3203,4016088,KF946632,2
584,1,5824,BOLD:ABZ3203,4016079,KF946631,2
585,1,5824,BOLD:ABZ3203,4015865,KF946635,2
586,1,5824,BOLD:ABZ3203,4016055,KF946633,2
587,1,5827,BOLD:AAB7277,4431760,KX047822,2
588,1,6022,BOLD:AAC1897,7219676,KF946637,2
589,1,6027,BOLD:AAB9497,4443524,KX048261,2
590,1,6027,BOLD:AAB9497,4443525,KX049629,2
591,1,6315,BOLD:AAA9515,4443425,KX047890,2
592,1,6316,BOLD:AAB1832,4443876,KX049947,2
593,1,6641,BOLD:AAC0540,4432253,KX049158,2
594,1,6641,BOLD:AAC0540,4432141,KX049261,2
595,1,6723,BOLD:AAC8267,4443459,KX049358,2
596,1,6723,BOLD:AAC8267,4431807,KX048655,2
597,1,6770,BOLD:AAD8450,4015744,KF946640,2
598,1,6770,BOLD:AAD8450,4015993,KF946638,2
599,1,6770,BOLD:AAD8450,4054163,KF946639,2
600,1,6803,BOLD:AAV9222,11942394,MT048365,2
601,1,6803,BOLD:AAV9222,11938387,MT048323,2
602,1,6971,BOLD:AAZ9795,4635886,KX537069,2
603,1,7002,BOLD:AAC4535,4443498,KX048549,2
604,1,7002,BOLD:AAC4535,4443496,KX048123,2
605,1,7002,BOLD:AAC4535,4443497,KX049930,2
606,1,7023,BOLD:AAB6022,4015986,KF946641,2
607,1,7115,BOLD:AAJ0782,9682702,KU695839,2
608,1,7116,BOLD:AAJ0782,5227318,KF369350,2
609,1,7116,BOLD:AAJ0782,5276086,KF369678,3
610,1,7168,BOLD:AAE1424,4432149,KX050130,2
611,1,7171,BOLD:AAC6419,4432152,KX047993,2
612,1,7183,BOLD:AAE8821,4432364,KX048486,2
613,1,7183,BOLD:AAE8821,4432367,KX049844,2
614,1,7183,BOLD:AAE8821,4432365,KX048602,2
615,1,7195,BOLD:AAF3728,4431919,KX048103,2
616,1,7197,BOLD:AAC3993,4432147,KX048968,2
617,1,7197,BOLD:AAC3993,4432146,KX049471,2
618,1,7197,BOLD:AAC3993,4432246,KX048558,2
619,1,7198,BOLD:ACE9842,4431918,KX048687,2
620,1,7207,BOLD:AAD7660,4432439,KX050068,2
621,1,7207,BOLD:AAD7660,4432424,KX048502,2
622,1,7219,BOLD:AAD1695,4431917,KX049812,2
623,1,7219,BOLD:AAD1695,4432271,KX050157,2
624,1,7219,BOLD:AAD1695,4432440,KX048696,2
625,1,7241,BOLD:AAB5543,4431916,KX049235,2
626,1,7241,BOLD:AAB5543,4432148,KX048434,2
627,1,7241,BOLD:AAB5543,4431915,KX047801,2
628,1,7241,BOLD:AAB5543,4432438,KX049524,2
629,1,7268,BOLD:AAV1727,14754914,MW664910,2
630,1,7268,BOLD:AAV1727,14754913,MW664909,2
631,1,7278,BOLD:AAB7299,3101076,DQ085517,2
632,1,7306,BOLD:AAC2611,4431793,KX048842,2
633,1,7306,BOLD:AAC2611,4443945,KX048409,2
634,1,7306,BOLD:AAC2611,4431792,KX049028,2
635,1,7329,BOLD:AAE9584,4431809,KX049409,2
636,1,7329,BOLD:AAE9584,4431810,KX048807,2
637,1,7331,BOLD:AAB4885,4444230,KX049010,2
638,1,7331,BOLD:AAB4885,4443877,KX048739,2
639,1,7332,BOLD:AAB0887,4443462,KX049699,2
640,1,7368,BOLD:ADK6725,13754607,LC516573,2
641,1,7405,BOLD:AAF0863,4431766,KX048473,2
642,1,7405,BOLD:AAF0863,4431767,KX048581,2
643,1,7406,BOLD:AAB7880,4431768,KX048228,2
644,1,7406,BOLD:AAB7880,4431769,KX049139,2
645,1,7406,BOLD:AAB7880,4431770,KX048840,2
646,1,7406,BOLD:AAB7880,4443456,KX048065,2
647,1,7646,BOLD:AAB5621,4015886,KF946642,2
648,1,7709,BOLD:AAD9041,4443539,KX050070,2
649,1,7709,BOLD:AAD9041,4443540,KX048935,2
650,1,7709,BOLD:AAD9041,4443538,KX049326,2
651,1,7714,BOLD:AAE9788,4432404,KX048015,2
652,1,7714,BOLD:AAE9788,4432285,KX048079,2
653,1,7714,BOLD:AAE9788,4432216,KX048624,2
654,1,7717,BOLD:AAB9038,4432284,KX048188,2
655,1,7717,BOLD:AAB9038,4432283,KX047887,2
656,1,7717,BOLD:AAB9038,4432282,KX048183,2
657,1,7733,BOLD:AAB4250,4432017,KX050012,2
658,1,7733,BOLD:AAB4250,4432016,KX048977,2
659,1,7733,BOLD:AAB4250,4432328,KX049634,2
660,1,7733,BOLD:AAB4250,4468538,KX048845,2
661,1,7733,BOLD:AAB4250,4432018,KX050026,2
662,1,7787,BOLD:ACE4758,4015917,KF946643,2
663,1,7787,BOLD:ACE4758,4015927,KF946644,2
664,1,7802,BOLD:AAC1691,4443504,KX049744,2
665,1,7802,BOLD:AAC1691,4443505,KX049914,2
666,1,7802,BOLD:AAC1691,4443506,KX049131,2
667,1,7803,BOLD:ACF1131,4432252,KX049337,2
668,1,7803,BOLD:ACF1131,4432251,KX048080,2
669,1,7805,BOLD:AAA6138,4443502,KX049804,2
670,1,7805,BOLD:AAA6138,4443503,KX048484,2
671,1,7811,BOLD:AAA1747,3150720,AJ968896,2
672,1,7811,BOLD:AAA1747,3150721,AJ968895,2
673,1,7811,BOLD:AAA1747,3150722,AJ968894,2
674,1,7971,BOLD:AAZ6259,4106984,MK155064,2
675,1,7977,BOLD:AAB0677,4432269,KX049926,2
676,1,7977,BOLD:AAB0677,4432270,KX048303,2
677,1,8031,BOLD:AAD6780,4443450,KX048190,2
678,1,8031,BOLD:AAD6780,4432058,KX049296,2
679,1,8044,BOLD:AAD6231,4432230,KX048121,2
680,1,8085,BOLD:AAA2080,3122411,EU876393,2
681,1,8085,BOLD:AAA2080,3122412,EU876394,2
682,1,8262,BOLD:AAB8529,4015970,KF946645,2
683,1,8262,BOLD:AAB8529,4015821,KF946646,2
684,1,8282,BOLD:AAM6198,13752865,MT172822,2
685,1,8282,BOLD:AAM6198,13752866,MT172825,2
686,1,8282,BOLD:AAM6198,13752863,MT172820,2
687,1,8282,BOLD:AAM6198,13752862,MT172818,2
688,1,8282,BOLD:AAM6198,13752858,MT172813,2
689,1,8282,BOLD:AAM6198,13752857,MT172810,2
690,1,8282,BOLD:AAM6198,13752853,MT172806,2
691,1,8282,BOLD:ACF1108,7717030,KR057925,2
692,1,8282,BOLD:ACF1108,7717031,KR057926,2
693,1,8282,BOLD:ACF1108,7717044,KR057939,2
694,1,8282,BOLD:AAM6198,13752867,MT172828,2
695,1,8282,BOLD:AAM6198,13752877,MT172845,2
696,1,8282,BOLD:AAM6198,13752859,MT172814,2
697,1,8282,BOLD:AAM6198,13752856,MT172809,2
698,1,8282,BOLD:ACF1108,7717039,KR057934,2
699,1,8282,BOLD:ACF1108,7717034,KR057929,2
700,1,8282,BOLD:ACF1108,7717029,KR057924,2
701,1,8282,BOLD:AAM6198,13752854,MT172807,2
702,1,8282,BOLD:ACF1108,7717040,KR057935,2
703,1,8282,BOLD:ACF1108,7717036,KR057931,2
704,1,8282,BOLD:ACF1108,7717041,KR057936,2
705,1,8282,BOLD:ACF1108,7717042,KR057937,2
706,1,8282,BOLD:AAM6198,13752861,MT172816,2
707,1,8282,BOLD:AAM6198,13752855,MT172808,2
708,1,8282,BOLD:AAM6198,13752868,MT172829,2
709,1,8282,BOLD:AAM6198,13752871,MT172834,2
710,1,8282,BOLD:AAM6198,13752876,MT172844,2
711,1,8282,BOLD:AAM6198,13752880,MT172848,2
712,1,8282,BOLD:AAM6198,13752874,MT172839,2
713,1,8282,BOLD:AAM6198,13752873,MT172837,2
714,1,8282,BOLD:AAM6198,13752872,MT172836,2
715,1,8282,BOLD:AAM6198,13752870,MT172831,2
716,1,8282,BOLD:AAM6198,13752881,MT172850,2
717,1,8282,BOLD:AAM6198,13752864,MT172821,2
718,1,8282,BOLD:AAM6198,13752860,MT172815,2
719,1,8282,BOLD:AAM6198,13752869,MT172830,2
720,1,8282,BOLD:AAM6198,13752879,MT172847,2
721,1,8282,BOLD:AAM6198,13752875,MT172842,2
722,1,8282,BOLD:ACF1108,7717037,KR057932,2
723,1,8282,BOLD:AAM6198,13752878,MT172846,2
724,1,8282,BOLD:ACF1108,7717033,KR057928,2
725,1,8282,BOLD:ACF1108,7717032,KR057927,2
726,1,8282,BOLD:ACF1108,7717035,KR057930,2
727,1,8282,BOLD:ACF1108,7717043,KR057938,2
728,1,8282,BOLD:ACF1108,7717045,KR057940,2
729,1,8282,BOLD:ACF1108,7717038,KR057933,2
730,1,8282,BOLD:ACF1108,7717028,KR057923,2
731,1,8288,BOLD:AAZ3985,13747891,MT172827,2
732,1,8288,BOLD:AAZ3985,13747890,MT172826,2
733,1,8288,BOLD:AAZ3985,13747888,MT172823,2
734,1,8288,BOLD:AAZ3985,13747886,MT172817,2
735,1,8288,BOLD:AAZ3985,13747893,MT172833,2
736,1,8288,BOLD:AAZ3985,13747896,MT172840,2
737,1,8288,BOLD:AAZ3985,13747892,MT172832,2
738,1,8288,BOLD:AAZ3985,13747897,MT172841,2
739,1,8288,BOLD:AAZ3985,13747895,MT172838,2
740,1,8288,BOLD:AAZ3985,13747884,MT172811,2
741,1,8288,BOLD:AAZ3985,13747889,MT172824,2
742,1,8288,BOLD:AAZ3985,13747894,MT172835,2
743,1,8288,BOLD:AAZ3985,13747885,MT172812,2
744,1,8288,BOLD:AAZ3985,13747887,MT172819,2
745,1,8288,BOLD:AAZ3985,13747898,MT172843,2
746,1,8288,BOLD:AAZ3985,13747899,MT172849,2
747,1,8340,BOLD:AAB5834,7219828,KF946789,2
748,1,8340,BOLD:AAB5834,4015902,KF946791,2
749,1,8340,BOLD:AAB5834,7219827,KF946788,2
750,1,8340,BOLD:AAB5834,7219829,KF946790,2
751,1,8359,BOLD:AAD1825,4444211,KX047869,2
752,1,8379,BOLD:AAB4698,4444250,KF807295,2
753,1,8379,BOLD:AAB4698,4431829,KF807940,2
754,1,8379,BOLD:AAB4698,4468528,KF807832,2
755,1,8798,BOLD:AAD0660,4015895,KF946648,2
756,1,8798,BOLD:AAD0660,4015948,KF946650,2
757,1,8798,BOLD:AAD0660,4015940,KF946649,2
758,1,8817,BOLD:AAD6191,4444210,KX049782,2
759,1,8817,BOLD:AAD6191,4468614,KX049674,2
760,1,8817,BOLD:AAD6191,4468603,KX049800,2
761,1,8817,BOLD:AAD6191,4444209,KX048033,2
762,1,8842,BOLD:AAE3504,3096381,FJ214238,2
763,1,8842,BOLD:AAE3504,3096380,FJ214233,2
764,1,8852,BOLD:AAB5136,4015817,KF946651,2
765,1,9002,BOLD:AAA6511,4432066,KX048499,2
766,1,9002,BOLD:AAA6511,4468553,KX047682,2
767,1,9002,BOLD:AAA6511,4444193,KX049319,2
768,1,9020,BOLD:AAE7569,3101730,AJ888011,2
769,1,9020,BOLD:AAE7569,3101731,AJ888012,2
770,1,9049,BOLD:AAP9114,5115957,MW212898,2
771,1,9077,BOLD:ABZ6600,4443510,KX048726,2
772,1,9078,BOLD:ACE8687,4444201,KX048999,2
773,1,9078,BOLD:ACE8687,4432053,KX049650,2
774,1,9078,BOLD:ACE8687,4443511,KX049203,2
775,1,9080,BOLD:AAD0296,4432380,KX049939,2
776,1,9270,BOLD:AAA5281,3315773,EU419415,2
777,1,9301,BOLD:AAE8447,4431970,KX047783,2
778,1,9301,BOLD:AAE8447,4431971,KX050143,2
779,1,9301,BOLD:AAE8447,4431972,KX048029,2
780,1,9328,BOLD:AAC7303,5481639,KF021264,2
781,1,9523,BOLD:AAY8844,10656657,MN345835,2
782,1,9745,BOLD:AAC9877,4432241,KX048494,2
783,1,9745,BOLD:AAC9877,4432242,KX048556,2
784,1,9841,BOLD:AAD8630,7736443,KJ486720,2
785,1,9841,BOLD:AAD8630,7736444,KJ486721,2
786,1,9870,BOLD:AAE8071,4443896,KX048720,2
787,1,9870,BOLD:AAE8071,4443897,KX050080,2
788,1,9870,BOLD:AAE8071,4443895,KX049815,2
789,1,9870,BOLD:AAE8071,4444269,KX048148,2
790,1,9871,BOLD:AAB8918,4431808,KX048995,2
791,1,9871,BOLD:AAB8918,4443898,KX049359,2
792,1,9909,BOLD:ACU7398,3108281,AF519390,2
793,1,9950,BOLD:AAD7733,4431974,KX048582,2
794,1,9954,BOLD:AAC2567,4016087,KF946652,2
795,1,10062,BOLD:AAC5196,4443522,KX048940,2
796,1,10062,BOLD:AAC5196,4443523,KX048329,2
797,1,10103,BOLD:AAB3765,4432238,KX049175,2
798,1,10109,BOLD:AAA2864,4431994,KX050004,2
799,1,10109,BOLD:AAA2864,4431993,KX048360,2
800,1,10109,BOLD:AAA2864,4431995,KX049053,2
801,1,10190,BOLD:AAG2810,5095040,FN545973,2
802,1,10190,BOLD:AAG2810,5095042,FN545975,2
803,1,10190,BOLD:AAG2810,5095041,FN545974,2
804,1,10246,BOLD:AAD0467,3443937,JN201753,2
805,1,10246,BOLD:AAD0467,3443996,JN201755,2
806,1,10252,BOLD:AAB9664,3443841,JN201819,2
807,1,10252,BOLD:AAB9664,3443946,JN201817,2
808,1,10252,BOLD:AAB9664,3443947,JN201816,2
809,1,10252,BOLD:AAB9664,3443901,JN201818,2
810,1,10256,BOLD:ACF1459,14266636,Pending (#8114),2
811,1,10256,BOLD:ACE7752,4432156,KM077610,2
812,1,10256,BOLD:ACE7752,14266655,Pending (#8114),2
813,1,10256,BOLD:ACE7752,3443902,JN201848,2
814,1,10256,BOLD:ACF1459,14266635,Pending (#8114),2
815,1,10256,BOLD:ACE7752,3443909,JN201847,2
816,1,10256,BOLD:ACE7752,4432157,KM077636,2
817,1,10290,BOLD:ABA5828,3587832,GU815242,2
818,1,10315,BOLD:AAB6846,4432304,KX050156,2
819,1,10315,BOLD:AAB6846,4432305,KX047830,2
820,1,10315,BOLD:AAB6846,4432306,KX050052,2
821,1,10320,BOLD:AAE8202,4432303,KX049627,2
822,1,10320,BOLD:AAE8202,4432302,KX049263,2
823,1,10350,BOLD:AAK9444,4432202,KX048796,2
824,1,10350,BOLD:AAK9444,4432472,KX049108,2
825,1,10350,BOLD:AAK9444,4432473,KX048286,2
826,1,10350,BOLD:AAK9444,4432471,KX049444,2
827,1,10350,BOLD:AAK9444,4431925,KX047746,2
828,1,10350,BOLD:AAK9444,4432200,KX048673,2
829,1,10350,BOLD:AAK9444,4432201,KX049074,2
830,1,10365,BOLD:AAD9952,4432155,KX049223,2
831,1,10417,BOLD:AAC3785,4444232,KX048684,2
832,1,10417,BOLD:AAC3785,4468548,KX048390,2
833,1,10455,BOLD:AAC4080,4444224,KX048791,2
834,1,10455,BOLD:AAC4080,4444223,KX049333,2
835,1,10455,BOLD:AAC4080,4444222,KX048468,2
836,1,10455,BOLD:AAC4080,4432384,KX048436,2
837,1,10455,BOLD:AAC4080,4443480,KX048226,2
838,1,10472,BOLD:AAB8548,4015862,KF946653,2
839,1,10475,BOLD:AAF0400,4015877,KF946654,2
840,1,10476,BOLD:AAC1233,4015892,KF946656,2
841,1,10476,BOLD:AAC1233,4015803,KF946655,2
842,1,10479,BOLD:AAB2400,4015814,KF946657,2
843,1,10479,BOLD:AAB2400,4015810,KF946658,2
844,1,10492,BOLD:ACE4862,4432257,KX050051,2
845,1,10492,BOLD:ACE4862,4431996,KX048531,2
846,1,10556,BOLD:AAY6741,4834980,HM189292,2
847,1,10635,BOLD:AAB7487,4432256,KX048702,2
848,1,10660,BOLD:AAB2314,4432024,KX048813,2
849,1,10660,BOLD:AAB2314,4443428,KX048789,2
850,1,10660,BOLD:AAB2314,4431990,KX048579,2
851,1,10686,BOLD:ACQ6543,6835829,HF970367,2
852,1,10686,BOLD:ACQ6543,10776086,HF970368,2
853,1,10686,BOLD:ACQ6543,10776091,HF970373,2
854,1,10686,BOLD:ACQ6543,10776084,HF970364,2
855,1,10686,BOLD:ACQ6543,10776090,HF970372,2
856,1,10686,BOLD:ACQ6543,10776085,HF970365,2
857,1,10686,BOLD:ACQ6543,10776083,HF970363,2
858,1,10690,BOLD:ACB7523,10776142,HF970426,2
859,1,10790,BOLD:ABW4287,9607996,MN342315,2
860,1,10894,BOLD:AAC2597,4431991,KX047724,2
861,1,10914,BOLD:AAZ3893,11667393,MF446525,2
862,1,11116,BOLD:AAC4361,4015874,KF946661,2
863,1,11116,BOLD:AAC4361,4016009,KF946662,2
864,1,11116,BOLD:AAC4361,7219699,KF946660,2
865,1,11116,BOLD:AAC4361,7219698,KF946659,2
866,1,11188,BOLD:AAB2343,4432260,KX047598,2
867,1,11188,BOLD:AAB2343,4432295,KX049678,2
868,1,11191,BOLD:AAE4514,4443570,KX048061,2
869,1,11191,BOLD:AAE4514,4444226,KX048559,2
870,1,11266,BOLD:AAD0146,4443423,KX048341,2
871,1,11303,BOLD:AAB4296,4432115,KX047979,2
872,1,11344,BOLD:AAB3830,4432343,KX049948,2
873,1,11344,BOLD:AAB3830,4432344,KX049413,2
874,1,11344,BOLD:AAB3830,4432342,KX048304,2
875,1,11344,BOLD:AAB3830,4443481,KX050140,2
876,1,11344,BOLD:AAB3830,4432210,KX048617,2
877,1,11345,BOLD:AAC1694,4443508,KX048989,2
878,1,11345,BOLD:AAC1694,4431982,KX049767,2
879,1,11346,BOLD:AAB1558,4432387,KX050048,2
880,1,11535,BOLD:AAB6529,4432008,KX048708,2
881,1,11535,BOLD:AAB6529,4431819,KX049495,2
882,1,11535,BOLD:AAB6529,4443885,KX047617,2
883,1,11535,BOLD:AAB6529,4431820,KX048046,2
884,1,11539,BOLD:ACF3612,4443881,KX047944,2
885,1,11550,BOLD:AAB8929,4432391,KX049463,2
886,1,11563,BOLD:AAB8937,4443882,KX048398,2
887,1,11563,BOLD:AAB8937,4443545,KX050135,2
888,1,11574,BOLD:AAB3785,4432412,KX048894,2
889,1,11581,BOLD:AAA8708,4443880,KX047807,2
890,1,11581,BOLD:AAA8708,4432409,KX048661,2
891,1,11581,BOLD:AAA8708,4432413,KX048325,2
892,1,11581,BOLD:AAA8708,4432416,KX048591,2
893,1,11581,BOLD:AAA8708,4443878,KX049984,2
894,1,11581,BOLD:AAA8708,4443879,KX048444,2
895,1,11581,BOLD:AAA8708,4432411,KX048032,2
896,1,11581,BOLD:AAA8708,4443544,KX049980,2
897,1,11581,BOLD:AAA8708,4432014,KX049090,2
898,1,11581,BOLD:AAA8708,4432415,KX048837,2
899,1,11602,BOLD:AAD5030,4432308,KJ380054,2
900,1,11602,BOLD:AAD5030,4432309,KJ377333,2
901,1,11602,BOLD:AAD5030,4432085,KJ379328,2
902,1,11604,BOLD:AAC7414,4431764,KX048025,2
903,1,11604,BOLD:AAC7414,4443455,KX049214,2
904,1,11604,BOLD:AAC7414,4431765,KX048833,2
905,1,11645,BOLD:AAV7116,6862648,KF289781,2
906,1,11776,BOLD:AAC1584,4432263,KX048806,2
907,1,11776,BOLD:AAC1584,4432261,KX048514,2
908,1,11776,BOLD:AAC1584,4432262,KX049828,2
909,1,11776,BOLD:AAC1584,4432023,KX048186,2
910,1,11822,BOLD:ACE8354,4432051,KX048307,2
911,1,11822,BOLD:ACE8354,4432281,KX048707,2
912,1,11822,BOLD:ACE8354,4432213,KX048659,2
913,1,11822,BOLD:ACE8354,4432049,KX047950,2
914,1,11822,BOLD:ACE8354,4432048,KX048906,2
915,1,11822,BOLD:ACE8354,4432280,KX047918,2
916,1,11822,BOLD:ACE8354,4432050,KX049604,2
917,1,11845,BOLD:AAD3278,4432345,KX048491,2
918,1,11846,BOLD:AAB7955,4443950,KX048178,2
919,1,11847,BOLD:AAD7887,4432082,KX049530,2
920,1,11848,BOLD:AAB4832,4432383,KX049283,2
921,1,12009,BOLD:ABZ7633,4015769,KF946664,2
922,1,12009,BOLD:ABZ7633,4015767,KF946663,2
923,1,12012,BOLD:AAB4413,4015807,KF946665,2
924,1,12015,BOLD:AAC0850,4015967,KF946669,2
925,1,12015,BOLD:AAC0850,4016000,KF946667,2
926,1,12015,BOLD:AAC0850,4016085,KF946668,2
927,1,12015,BOLD:AAC0850,4016064,KF946666,2
928,1,12015,BOLD:AAC0850,4016056,KF946670,2
929,1,12016,BOLD:AAB2172,4015884,KF946675,2
930,1,12016,BOLD:AAB2172,4015779,KF946678,2
931,1,12016,BOLD:AAB2172,4015989,KF946673,2
932,1,12016,BOLD:AAB2172,4015869,KF946672,2
933,1,12016,BOLD:AAB2172,4054161,KF946674,2
934,1,12016,BOLD:AAB2172,4015804,KF946676,2
935,1,12016,BOLD:AAB2172,4015831,KF946677,2
936,1,12017,BOLD:AAJ0300,4015923,KF946679,2
937,1,12097,BOLD:AAC6500,4015870,KF946681,2
938,1,12097,BOLD:AAC6500,4015931,KF946680,2
939,1,12097,BOLD:AAC6500,4015834,KF946683,2
940,1,12097,BOLD:AAC6500,4016018,KF946682,2
941,1,12234,BOLD:AAB8717,3125657,EF555850,2
942,1,12234,BOLD:AAB8717,3125788,EF555809,2
943,1,12234,BOLD:AAB8717,3125673,EF555824,2
944,1,12234,BOLD:AAB8717,3125674,EF555823,2
945,1,12234,BOLD:AAB8717,3125784,EF555826,2
946,1,12234,BOLD:AAB8717,3125681,EF555816,2
947,1,12234,BOLD:AAB8717,3125726,EF555851,2
948,1,12234,BOLD:AAB8717,3125716,EF555861,2
949,1,12234,BOLD:AAB8717,3125706,EF555876,2
950,1,12234,BOLD:AAB8717,3125682,EF555815,2
951,1,12242,BOLD:AAC0982,4015925,KF946684,2
952,1,12242,BOLD:AAC0982,4016007,KF946686,2
953,1,12242,BOLD:AAC0982,4016042,KF946685,2
954,1,12256,BOLD:AAB4402,4054193,KF946687,2
955,1,12257,BOLD:AAB8500,7219727,KF946688,2
956,1,12268,BOLD:AAE0254,4016032,KF946689,2
957,1,12268,BOLD:AAE0254,4015777,KF946696,2
958,1,12268,BOLD:AAE0254,4015790,KF946694,2
959,1,12268,BOLD:AAE0254,4015783,KF946692,2
960,1,12268,BOLD:AAE0254,4015820,KF946691,2
961,1,12268,BOLD:AAE0254,4016096,KF946697,2
962,1,12268,BOLD:AAE0254,4015805,KF946690,2
963,1,12268,BOLD:AAE0254,4015797,KF946695,2
964,1,12268,BOLD:AAE0254,4015812,KF946693,2
965,1,12364,BOLD:AAB3057,4015890,KF946700,2
966,1,12371,BOLD:AAA8488,7134426,KR862753,2
967,1,12371,BOLD:AAA8488,7134427,KR862754,2
968,1,12371,BOLD:AAA8488,7134428,KR862755,2
969,1,12371,BOLD:AAA8488,7134429,KR862756,2
970,1,12485,BOLD:AAB2012,4468590,KF808118,2
971,1,12485,BOLD:AAB2012,4443559,KF807476,2
972,1,12539,BOLD:AAA8369,4432130,KX049046,2
973,1,12623,BOLD:AAD6735,4432203,KX048606,2
974,1,12623,BOLD:AAD6735,4432204,KX049806,2
975,1,12822,BOLD:AAC0054,5115924,MW211964,2
976,1,12822,BOLD:AAC0054,5981567,MW211396,2
977,1,12822,BOLD:AAC0054,5115973,MW212508,2
978,1,12822,BOLD:AAC0054,5115971,MW211834,2
979,1,12822,BOLD:AAC0054,5115932,MW214620,2
980,1,12822,BOLD:AAC0054,5115972,MW212664,2
981,1,12822,BOLD:AAC0054,5115959,MW213371,2
982,1,12822,BOLD:AAC0054,5115958,MW214625,2
983,1,12822,BOLD:AAC0054,5115960,MW213542,2
984,1,12822,BOLD:AAC0054,4431929,KX049802,2
985,1,12822,BOLD:AAC0054,5115974,MW212574,2
986,1,12822,BOLD:AAC0054,5115933,MW213474,2
987,1,12822,BOLD:AAC0054,5115925,MW211347,2
988,1,12945,BOLD:AAA7404,4432128,KX048217,2
989,1,12945,BOLD:AAA7404,4431818,KX047727,2
990,1,12945,BOLD:AAA7404,4432004,KX049230,2
991,1,12945,BOLD:AAA7404,4432003,KX048071,2
992,1,12948,BOLD:ADK2725,11938371,MT048346,2
993,1,12948,BOLD:ADK2725,11942397,MT048291,2
994,1,12948,BOLD:ADK2725,11938368,MT048321,2
995,1,12948,BOLD:ADK2725,11942399,MT048374,2
996,1,12948,BOLD:ADK2725,11938367,MT048380,2
997,1,12951,BOLD:ADK2725,11942410,MT048370,2
998,1,12951,BOLD:ADK2725,11938393,MT048314,2
999,1,12951,BOLD:ADK2725,11942412,MT048318,2
1000,1,12951,BOLD:ADK2725,11942411,MT048339,2
1001,1,12951,BOLD:ADK2725,11938392,MT048297,2
1002,1,13179,BOLD:AAA3534,3102150,AF438458,2
1003,1,13364,BOLD:AAE6991,4432268,KX049339,2
1004,1,13372,BOLD:AAF1768,4443952,KX047645,2
1005,1,13372,BOLD:AAF1768,4443954,KX049657,2
1006,1,13372,BOLD:AAF1768,4443953,KX048517,2
1007,1,13372,BOLD:AAF1768,4443951,KX049618,2
1008,1,13378,BOLD:AAW0165,14754916,MW664912,2
1009,1,13398,BOLD:AAA4552,4444262,KX049848,2
1010,1,13401,BOLD:AAD6484,4443491,KX048445,2
1011,1,13401,BOLD:AAD6484,4432377,KX048844,2
1012,1,13615,BOLD:AAC3448,4468592,KX049786,2
1013,1,13669,BOLD:AAG3698,13748416,MT483934,2
1014,1,13669,BOLD:AAG3698,13748418,MT483936,2
1015,1,13669,BOLD:AAG3698,13748417,MT483935,2
1016,1,13669,BOLD:AAG3698,13748414,MT483932,2
1017,1,13669,BOLD:AAG3698,13748415,MT483933,2
1018,1,13881,BOLD:AAC0976,9019652,MW500402,2
1019,1,13910,BOLD:AAB0184,4015919,KF946710,2
1020,1,13910,BOLD:AAB0184,4015977,KF946706,2
1021,1,13910,BOLD:AAB0184,4016048,KF946709,2
1022,1,13910,BOLD:AAB0184,4015991,KF946708,2
1023,1,13910,BOLD:AAB0184,4015999,KF946707,2
1024,1,13939,BOLD:AAB0831,4443436,KX048799,2
1025,1,13939,BOLD:AAB0831,4443435,KX049603,2
1026,1,13939,BOLD:AAB0831,4443434,KX050030,2
1027,1,14133,BOLD:AAX2382,6832616,GU722850,2
1028,1,14153,BOLD:AAB1631,4432290,KX048917,2
1029,1,14357,BOLD:AAB6675,4444245,KX048798,2
1030,1,14433,BOLD:AAB6485,4443909,KX048184,2
1031,1,14433,BOLD:AAB6485,4443908,KX048169,2
1032,1,14433,BOLD:AAB6485,4443910,KX049514,2
1033,1,14433,BOLD:AAB6485,4443907,KX048821,2
1034,1,14633,BOLD:AAA8256,4443550,KF807712,2
1035,1,14633,BOLD:AAA8256,4468610,KF807513,2
1036,1,14634,BOLD:AAB2239,4432318,KF808057,2
1037,1,14634,BOLD:AAB2239,4432316,KF807149,2
1038,1,14634,BOLD:AAB2239,4432317,KF807154,2
1039,1,14635,BOLD:AAA4213,4431992,KF807796,2
1040,1,14636,BOLD:AAD0916,4432315,KF808076,2
1041,1,14636,BOLD:AAD0916,4431965,KF807111,2
1042,1,14638,BOLD:ACF2945,4443551,KF807966,2
1043,1,14638,BOLD:ACF2945,4468600,KF807197,2
1044,1,14642,BOLD:AAC1604,4432376,KF807179,2
1045,1,14644,BOLD:ACF4900,4443433,KF807260,2
1046,1,14647,BOLD:ACE4009,4444240,KF807336,2
1047,1,14647,BOLD:ACE4009,4444239,KF807983,2
1048,1,14647,BOLD:ACE4009,4443552,KF807642,2
1049,1,14647,BOLD:ACE4009,4432020,KF808040,2
1050,1,14647,BOLD:ACE4009,4443432,KF807426,2
1051,1,14793,BOLD:AAE5570,5227326,KF369415,2
1052,1,14793,BOLD:AAE5570,5276095,KF369750,3
1053,1,14887,BOLD:AAZ2224,6831055,GU074911,2
1054,1,14964,BOLD:AAC9342,4054172,KF946714,2
1055,1,14964,BOLD:AAC9342,4054171,KF946711,2
1056,1,14964,BOLD:AAC9342,4054168,KF946713,2
1057,1,14964,BOLD:AAC9342,4054167,KF946712,2
1058,1,15122,BOLD:ABY4615,4443929,KX048820,2
1059,1,15270,BOLD:AAB3599,4443553,KX048896,2
1060,1,15270,BOLD:AAB3599,4443554,KX048505,2
1061,1,15270,BOLD:AAB3599,4432087,KX048447,2
1062,1,15270,BOLD:AAB3599,4432088,KX047816,2
1063,1,15285,BOLD:ACE9128,7219755,KF946716,2
1064,1,15285,BOLD:ACE9128,4015880,KF946715,2
1065,1,15288,BOLD:ACE9128,4015766,KF946717,2
1066,1,15291,BOLD:ACE9128,4015842,KF946722,2
1067,1,15291,BOLD:ACE9128,7219757,KF946718,2
1068,1,15291,BOLD:ACE9128,4015756,KF946721,2
1069,1,15291,BOLD:ACE9128,4015924,KF946720,2
1070,1,15291,BOLD:ACE9128,7219758,KF946719,2
1071,1,15293,BOLD:ACE9128,4015755,KF946724,2
1072,1,15444,BOLD:AAC1866,4443484,KX049276,2
1073,1,15731,BOLD:ACB8464,11338115,MG561218,2
1074,1,15731,BOLD:ACB8464,11338114,MG561217,2
1075,1,15731,BOLD:ACB8464,11338113,MG561216,2
1076,1,15731,BOLD:ACB8464,11338112,MG561215,2
1077,1,15866,BOLD:AAE7281,5115927,MW214458,2
1078,1,15866,BOLD:AAE7281,5115961,MW212293,2
1079,1,16044,BOLD:AAB2724,4015741,KF946731,2
1080,1,16044,BOLD:AAB2724,4015761,KF946734,2
1081,1,16044,BOLD:AAB2724,4015763,KF946735,2
1082,1,16044,BOLD:AAB2724,4015738,KF946730,2
1083,1,16044,BOLD:AAB2724,4015743,KF946728,2
1084,1,16044,BOLD:AAB2724,4015742,KF946727,2
1085,1,16044,BOLD:AAB2724,4015735,KF946733,2
1086,1,16044,BOLD:AAB2724,4015737,KF946732,2
1087,1,16044,BOLD:AAB2724,4015740,KF946729,2
1088,1,16045,BOLD:ABZ1650,4016054,KF946741,2
1089,1,16045,BOLD:ABZ1650,4016049,KF946739,2
1090,1,16045,BOLD:ABZ1650,4016039,KF946740,2
1091,1,16045,BOLD:ABZ1650,4016060,KF946738,2
1092,1,16045,BOLD:ABZ1650,4015860,KF946737,2
1093,1,16301,BOLD:AAA1269,3178629,EU876103,2
1094,1,16301,BOLD:AAA1269,3178631,EU876105,2
1095,1,16301,BOLD:AAA1269,3178628,EU876102,2
1096,1,16301,BOLD:AAA1269,3178637,EU876110,2
1097,1,16301,BOLD:AAA1269,3178635,EU876109,2
1098,1,16301,BOLD:AAA1269,3178630,EU876104,2
1099,1,16301,BOLD:AAA1269,3178632,EU876107,2
1100,1,16301,BOLD:AAA1269,3178633,EU876108,2
1101,1,16301,BOLD:AAA1269,3178638,EU876111,2
1102,1,16301,BOLD:AAA1269,3178770,EU876106,2
1103,1,16326,BOLD:AAB7562,4443887,KX049545,2
1104,1,16326,BOLD:AAB7562,4443889,KX048913,2
1105,1,16326,BOLD:AAB7562,4443890,KX050035,2
1106,1,16326,BOLD:AAB7562,4443888,KX048597,2
1107,1,16335,BOLD:AAW5739,4015823,KF946742,2
1108,1,16336,BOLD:AAD5018,4015928,KF946744,2
1109,1,16336,BOLD:AAD5018,4015939,KF946743,2
1110,1,16336,BOLD:AAD5018,4015775,KF946746,2
1111,1,16336,BOLD:AAD5018,4015826,KF946745,2
1112,1,16336,BOLD:AAD5018,4015837,KF946748,2
1113,1,16336,BOLD:AAD5018,4015798,KF946749,2
1114,1,16336,BOLD:AAD5018,4015836,KF946747,2
1115,1,16336,BOLD:AAD5018,4015776,KF946750,2
1116,1,16349,BOLD:AAB5300,4444244,KX048185,2
1117,1,16349,BOLD:AAB5300,4443906,KX050011,2
1118,1,16349,BOLD:AAB5300,4443905,KX048834,2
1119,1,16465,BOLD:AAD2993,4015899,KF946792,2
1120,1,16465,BOLD:AAD2993,4015851,KF946793,2
1121,1,16497,BOLD:AAB6931,4054186,KF946752,2
1122,1,16497,BOLD:AAB6931,4054177,KF946751,2
1123,1,16516,BOLD:ABV5757,12951141,MK598626,2
1124,1,16523,BOLD:AAG6746,12951142,MK598627,2
1125,1,16523,BOLD:AAG6746,12289139,LT963483,2
1126,1,16551,BOLD:AAE9962,4015770,KF946753,2
1127,1,16605,BOLD:AAA2052,4443437,KX049315,2
1128,1,16643,BOLD:ACF1675,4432338,KX049895,2
1129,1,16756,BOLD:ACB8086,12299550,MK335696,2
1130,1,16867,BOLD:AAD0839,4468559,KX048328,2
1131,1,16867,BOLD:AAD0839,4443901,KX049536,2
1132,1,16867,BOLD:AAD0839,4443903,KX049050,2
1133,1,16867,BOLD:AAD0839,4443902,KX048795,2
1134,1,16983,BOLD:AAA7785,3156267,DQ008088,2
1135,1,16983,BOLD:AAA7785,3156266,DQ008089,2
1136,1,17681,BOLD:AAB2749,4432392,KX049394,2
1137,1,17983,BOLD:AAB4321,4432138,KX048008,2
1138,1,18046,BOLD:AAZ1093,11691160,HF569366,2
1139,1,18248,BOLD:AAC9619,4016091,KF946756,2
1140,1,18248,BOLD:AAC9619,4016059,KF946757,2
1141,1,18248,BOLD:AAC9619,4016084,KF946758,2
1142,1,18427,BOLD:AAD0702,4432154,KX048557,2
1143,1,18530,BOLD:AAB9939,4432350,KX047779,2
1144,1,18530,BOLD:AAB9939,4432349,KX048555,2
1145,1,18530,BOLD:AAB9939,4432420,KX049687,2
1146,1,18530,BOLD:AAB9939,4468550,KX048706,2
1147,1,18530,BOLD:AAB9939,4468549,KX050102,2
1148,1,18530,BOLD:AAB9939,4468542,KX047905,2
1149,1,18530,BOLD:AAB9939,4432482,KX049051,2
1150,1,18530,BOLD:AAB9939,4432483,KX049915,2
1151,1,18617,BOLD:AAB2364,4015873,KF946759,2
1152,1,18618,BOLD:AAC1885,4015844,KF946763,2
1153,1,18618,BOLD:AAC1885,4015975,KF946762,2
1154,1,18618,BOLD:AAC1885,4015983,KF946761,2
1155,1,18618,BOLD:AAC1885,4015760,KF946760,2
1156,1,18651,BOLD:AAB8833,4015982,KF946764,2
1157,1,18882,BOLD:ABW9499,6862646,KF289779,2
1158,1,18933,BOLD:AAC2354,4432273,KX048694,2
1159,1,18933,BOLD:AAC2354,4432057,KX049703,2
1160,1,18941,BOLD:AAC9826,4432274,KX047664,2
1161,1,18952,BOLD:AAA2184,13064904,MN546851,2
1162,1,18952,BOLD:AAA2184,13064898,MN546845,2
1163,1,18952,BOLD:AAA2184,13064899,MN546846,2
1164,1,19019,BOLD:ABZ0251,4015856,KF946895,2
1165,1,19019,BOLD:ABZ0251,7219933,KF946894,2
1166,1,19180,BOLD:AAC1892,4432237,KX049191,2
1167,1,19180,BOLD:AAC1892,4444271,KX048634,2
1168,1,19556,BOLD:AAA7574,4432212,KX049870,2
1169,1,19559,BOLD:AAA2632,4432275,KX047855,2
1170,1,19559,BOLD:AAA2632,4468594,KX049951,2
1171,1,19559,BOLD:AAA2632,4443517,KX049647,2
1172,1,19564,BOLD:AAC2943,4443537,KX049047,2
1173,1,19656,BOLD:AAE5565,5405969,JF263756,2
1174,1,19656,BOLD:AAE5565,5405965,JF263760,2
1175,1,19656,BOLD:AAE5565,5405903,JF263822,2
1176,1,19656,BOLD:AAE5565,5405946,JF263779,2
1177,1,19656,BOLD:AAE5565,5405968,JF263757,2
1178,1,19677,BOLD:AAC3246,4444259,KX049072,2
1179,1,19677,BOLD:AAC3246,4444258,KX050000,2
1180,1,19677,BOLD:AAC3246,4468546,KX048024,2
1181,1,19677,BOLD:AAC3246,4468547,KX050015,2
1182,1,19677,BOLD:AAC3246,4444260,KX048113,2
1183,1,19677,BOLD:AAC3246,4468545,KX049112,2
1184,1,19682,BOLD:AAC1148,4444256,KX048764,2
1185,1,19682,BOLD:AAC1148,4444255,KX048769,2
1186,1,19682,BOLD:AAC1148,4444257,KX049597,2
1187,1,19685,BOLD:AAC1145,4443955,KX050093,2
1188,1,19685,BOLD:AAC1145,4443956,KX048532,2
1189,1,19688,BOLD:ABY9866,4443957,KX048646,2
1190,1,19738,BOLD:AAD4679,4016047,KF946767,2
1191,1,19738,BOLD:AAD4679,7219804,KF946765,2
1192,1,19738,BOLD:AAD4679,4016067,KF946766,2
1193,1,19746,BOLD:AAE5583,4432484,KX049043,2
1194,1,19746,BOLD:AAE5583,4432485,KX049479,2
1195,1,19746,BOLD:AAE5583,4432375,KX050065,2
1196,1,19826,BOLD:AAC6798,4432220,KX049173,2
1197,1,19827,BOLD:ACE7640,4443926,KX050104,2
1198,1,19827,BOLD:ACE7640,4432390,KX049977,2
1199,1,19929,BOLD:AAE6063,3472723,HM395876,2
1200,1,19977,BOLD:AAB7773,9734483,KX352403,2
1201,1,19977,BOLD:AAB7773,9734477,KX352395,2
1202,1,19977,BOLD:AAB7773,9734479,KX352398,2
1203,1,19977,BOLD:AAB7773,9734481,KX352401,2
1204,1,19977,BOLD:AAB7773,9734480,KX352400,2
1205,1,19977,BOLD:AAB7773,9734473,KX352390,2
1206,1,19977,BOLD:AAB7773,4015945,KF946768,2
1207,1,19977,BOLD:AAB7773,9734482,KX352402,2
1208,1,19977,BOLD:AAB7773,9734474,KX352391,2
1209,1,19977,BOLD:AAB7773,9734476,KX352393,2
1210,1,19977,BOLD:AAB7773,11749458,KX352394,2
1211,1,19977,BOLD:AAB7773,9734475,KX352392,2
1212,1,19977,BOLD:AAB7773,9734484,KX352404,2
1213,1,19977,BOLD:AAB7773,4015958,KF946770,2
1214,1,19977,BOLD:AAB7773,4015951,KF946769,2
1215,1,19977,BOLD:AAB7773,9734478,KX352396,2
1216,1,19977,BOLD:AAB7773,11749459,KX352397,2
1217,1,19977,BOLD:AAB7773,11749460,KX352399,2
1218,1,19977,BOLD:AAB7773,14092396,KM891725,2
1219,1,20033,BOLD:AAB4833,4432037,KX048214,2
1220,1,20209,BOLD:AAA3963,4443422,KX048932,2
1221,1,20292,BOLD:AAA9865,4443872,KX049731,2
1222,1,20292,BOLD:AAA9865,4443873,KX047961,2
1223,1,20292,BOLD:AAA9865,4443871,KX048120,2
1224,1,20308,BOLD:ACD5780,5084508,JQ736327,2
1225,1,20323,BOLD:AAE4956,5981594,KX281347,2
1226,1,20323,BOLD:AAE4956,4761098,KC292461,2
1227,1,20406,BOLD:AAD1620,4016098,KF946771,2
1228,1,20406,BOLD:AAD1620,4016052,KF946772,2
1229,1,20505,BOLD:AAD3075,4443424,KX047983,2
1230,1,20525,BOLD:AAC3426,4468557,KX048245,2
1231,1,20525,BOLD:AAC3426,4431781,KX047923,2
1232,1,20525,BOLD:AAC3426,4431779,KX047917,2
1233,1,20525,BOLD:AAC3426,4431780,KX049082,2
1234,1,20527,BOLD:AAB6211,4431788,KX048357,2
1235,1,20527,BOLD:AAB6211,4431787,KX048587,2
1236,1,20527,BOLD:AAB6211,4431786,KX049630,2
1237,1,20973,BOLD:AAK4625,4432426,KX049732,2
1238,1,21035,BOLD:AAC5400,4432265,KX048863,2
1239,1,21038,BOLD:ABX5211,4016093,KF946773,2
1240,1,21078,BOLD:AAC8310,4015871,KF946781,2
1241,1,21078,BOLD:AAC8310,4015875,KF946776,2
1242,1,21078,BOLD:AAC8310,4015852,KF946779,2
1243,1,21078,BOLD:AAC8310,4015883,KF946777,2
1244,1,21078,BOLD:AAC8310,4016021,KF946774,2
1245,1,21078,BOLD:AAC8310,4015846,KF946775,2
1246,1,21078,BOLD:AAC8310,4015863,KF946780,2
1247,1,21078,BOLD:AAC8310,4015857,KF946778,2
1248,1,21112,BOLD:ACR4410,4432247,KX048134,2
1249,1,21202,BOLD:AAD6396,4432189,KX047656,2
1250,1,21259,BOLD:AAC1045,4432382,KX049709,2
1251,1,21259,BOLD:AAC1045,4432385,KX047696,2
1252,1,21259,BOLD:AAC1045,4432431,KX047736,2
1253,1,21398,BOLD:AAE3311,4432514,KX049253,2
1254,1,21446,BOLD:AAP0533,4135874,JQ855105,2
1255,1,21447,BOLD:ABZ6947,4432357,MW211976,2
1256,1,21449,BOLD:ABZ4246,5125052,MW212288,2
1257,1,21449,BOLD:ABZ4246,5125053,MW212301,2
1258,1,21449,BOLD:ABZ4246,5125067,MW211654,2
1259,1,21449,BOLD:AAE3418,5125068,MW212595,2
1260,1,21450,BOLD:AAP8577,12635306,MW212739,2
1261,1,21451,BOLD:AAD1352,5125057,MW213357,2
1262,1,21453,BOLD:AAD1353,4432513,MW211529,2
1263,1,21467,BOLD:AAA6742,12332513,MH638304,2
1264,1,21467,BOLD:AAA6742,12333100,NC_040875,2
1265,1,21467,BOLD:AAA6742,4015942,KF946794,2
1266,1,21467,BOLD:AAA6742,4015825,KF946795,2
1267,1,21486,BOLD:AAA3075,4443543,KX048515,2
1268,1,21486,BOLD:AAA3075,4468593,KX048243,2
1269,1,21486,BOLD:AAA3075,4432015,KX048580,2
1270,1,21500,BOLD:AAA8254,4015891,KF946798,2
1271,1,21500,BOLD:AAA8254,4015845,KF946799,2
1272,1,21502,BOLD:AAB0069,4015879,KF946800,2
1273,1,21502,BOLD:AAB0069,4015889,KF946803,2
1274,1,21502,BOLD:AAB0069,4015888,KF946801,2
1275,1,21502,BOLD:AAB0069,4015828,KF946802,2
1276,1,21618,BOLD:AAX1397,8173584,MW478426,2
1277,1,21618,BOLD:AAX1397,12449326,MW478406,2
1278,1,21618,BOLD:AAX1397,8897824,MW478396,2
1279,1,21729,BOLD:AAC5207,4016092,KF946804,2
1280,1,21729,BOLD:AAC5207,4016010,KF946805,2
1281,1,21778,BOLD:AAD9960,4443959,KX049504,2
1282,1,21778,BOLD:AAD9960,4443958,KX048195,2
1283,1,21814,BOLD:AAB2837,7219821,KF946782,2
1284,1,21814,BOLD:AAB2837,4016038,KF946783,2
1285,1,21814,BOLD:AAB2837,4015997,KF946784,2
1286,1,21814,BOLD:AAB2837,4015774,KF946787,2
1287,1,21814,BOLD:AAB2837,4015822,KF946786,2
1288,1,21814,BOLD:AAB2837,4015904,KF946785,2
1289,1,21862,BOLD:AAC0743,4444231,KX048373,2
1290,1,21864,BOLD:AAA9313,4432323,KX049071,2
1291,1,21864,BOLD:AAA9313,4432322,KX048019,2
1292,1,21864,BOLD:AAA9313,4432324,KX048663,2
1293,1,21867,BOLD:AAC5542,4432127,KX047735,2
1294,1,21867,BOLD:AAC5542,4468534,KX049991,2
1295,1,21873,BOLD:AAD4126,4015972,KF946806,2
1296,1,21884,BOLD:ADF4665,9044542,MT048316,2
1297,1,21973,BOLD:AAW5485,4015736,KF946807,2
1298,1,21992,BOLD:AAC0945,4444192,KX049590,2
1299,1,22099,BOLD:AAB5913,4444227,KX049771,2
1300,1,22099,BOLD:AAB5913,4444228,KX049390,2
1301,1,22138,BOLD:AAC5104,4468597,KX048573,2
1302,1,22310,BOLD:AAB7358,4444200,KX048959,2
1303,1,22310,BOLD:AAB7358,4468533,KX048230,2
1304,1,22329,BOLD:AAE6691,4015893,KF946810,2
1305,1,22333,BOLD:AAB2604,4015971,KF946811,2
1306,1,22388,BOLD:AAC7939,4432038,KX049729,2
1307,1,22398,BOLD:AAA6178,4432294,KX048011,2
1308,1,22398,BOLD:AAA6178,4432293,KX049288,2
1309,1,22471,BOLD:AAD9531,4432417,KX049247,2
1310,1,22511,BOLD:AAU3997,10568058,MW211125,2
1311,1,22511,BOLD:AAU3997,10568057,MW211922,2
1312,1,22511,BOLD:AAU3997,10656611,MW212038,2
1313,1,22511,BOLD:AAU3997,12635301,MW213514,2
1314,1,22511,BOLD:AAU3997,10568061,MW211446,2
1315,1,22512,BOLD:ACX5473,10568060,MW213362,2
1316,1,22512,BOLD:ACX5473,5125063,MW212825,2
1317,1,22512,BOLD:ACX5473,7541348,MG191419,2
1318,1,22513,BOLD:AAL5482,11977708,MW211678,2
1319,1,22513,BOLD:AAL5482,12635302,MW214101,2
1320,1,22513,BOLD:AAL5482,12635305,MW211424,2
1321,1,22513,BOLD:AAL5482,11977709,MW212430,2
1322,1,22513,BOLD:AAL5482,12635304,MW211388,2
1323,1,22513,BOLD:AAL5482,12635303,MW214398,2
1324,1,22513,BOLD:AAL5482,10568059,MW213933,2
1325,1,22513,BOLD:AAL5482,11977672,MW212846,2
1326,1,22514,BOLD:AAD7979,10568062,MW213363,2
1327,1,22571,BOLD:AAE6553,4432363,KX049721,2
1328,1,22571,BOLD:AAE6553,5125033,MW212926,2
1329,1,22571,BOLD:AAE6553,5125034,MW212121,2
1330,1,22571,BOLD:AAE6553,5125025,MW213476,2
1331,1,22571,BOLD:AAE6553,4432504,KX049986,2
1332,1,22571,BOLD:AAE6553,5125035,MW213611,2
1333,1,22571,BOLD:AAE6553,5125032,MW211312,2
1334,1,22573,BOLD:AAD1185,4432506,KX049423,2
1335,1,22576,BOLD:AAD4850,5125088,MW213664,2
1336,1,22578,BOLD:AAD8123,5125062,MW211993,2
1337,1,22578,BOLD:AAD8123,5125049,MW211800,2
1338,1,22578,BOLD:AAD8123,5125086,MW213418,2
1339,1,22578,BOLD:AAD8123,5125059,MW213110,2
1340,1,22578,BOLD:AAD8123,5125087,MW214343,2
1341,1,22578,BOLD:AAD8123,5125061,MW213971,2
1342,1,22578,BOLD:AAD8123,5125060,MW213941,2
1343,1,22583,BOLD:AAF6924,5125027,MW212114,2
1344,1,22583,BOLD:AAF6924,7541243,MW212510,2
1345,1,22583,BOLD:AAF6924,7541244,MW211256,2
1346,1,22583,BOLD:AAF6924,5125029,MW213248,2
1347,1,22583,BOLD:AAF6924,5125026,MW212674,2
1348,1,22583,BOLD:AAF6924,5125028,MW214524,2
1349,1,22584,BOLD:ABY6519,4432174,KX049494,2
1350,1,22586,BOLD:AAF6926,4432508,KX050028,2
1351,1,22586,BOLD:AAF6926,4432507,KX048151,2
1352,1,22588,BOLD:AAE0033,8074982,MW212980,2
1353,1,22590,BOLD:AAC9940,5116069,KY079344,2
1354,1,22590,BOLD:AAC9940,5981553,KY079350,2
1355,1,22591,BOLD:AAD8470,5125077,MW212533,2
1356,1,22591,BOLD:AAD8470,5125079,MW214140,2
1357,1,22591,BOLD:AAD8470,4432361,KX049998,2
1358,1,22591,BOLD:AAD8470,5125078,MW214615,2
1359,1,22591,BOLD:AAD8470,5125080,MW211136,2
1360,1,22592,BOLD:AAD4754,8074924,MW213010,2
1361,1,22593,BOLD:AAH8487,5115966,MW211940,2
1362,1,22593,BOLD:AAH8487,4432498,KX048891,2
1363,1,22593,BOLD:AAH8487,4432499,KX048023,2
1364,1,22593,BOLD:AAH8487,5125021,MW214658,2
1365,1,22595,BOLD:AAP7361,7541269,MW211723,2
1366,1,22596,BOLD:AAC7024,5115975,MW213766,2
1367,1,22597,BOLD:AAE0224,7541272,MW212603,2
1368,1,22599,BOLD:AAE0106,4432505,KX048668,2
1369,1,22601,BOLD:AAD9588,4431955,KX048355,2
1370,1,22601,BOLD:AAD9588,4431954,KX047971,2
1371,1,22601,BOLD:AAD9588,4431956,KX049768,2
1372,1,22603,BOLD:AAD1189,5981552,MW214585,2
1373,1,22608,BOLD:AAD8332,4432175,KX047996,2
1374,1,22608,BOLD:AAD8332,4432503,KX048252,2
1375,1,22608,BOLD:AAD8332,4431957,KX049267,2
1376,1,22608,BOLD:AAD8332,4432356,KX049821,2
1377,1,22608,BOLD:AAD8332,4468565,KX047938,2
1378,1,22608,BOLD:AAD8332,4431958,KX048387,2
1379,1,22610,BOLD:AAE4723,4432500,KX048780,2
1380,1,22610,BOLD:AAE4723,4431953,KX049835,2
1381,1,22610,BOLD:AAE4723,4432501,KX049888,2
1382,1,22612,BOLD:AAD4916,8074962,MW213668,2
1383,1,22612,BOLD:AAD4916,8074963,MW214451,2
1384,1,22612,BOLD:AAD4916,5115938,MW211186,2
1385,1,22612,BOLD:AAD4916,5115937,MW214642,2
1386,1,22613,BOLD:AAC4332,5981550,MW211567,2
1387,1,22613,BOLD:AAC4332,10568065,MW214273,2
1388,1,22616,BOLD:AAH8428,5981551,MW212871,2
1389,1,22616,BOLD:AAH8428,4431960,KX049876,2
1390,1,22616,BOLD:AAH8428,4431961,KX049196,2
1391,1,22618,BOLD:AAD5535,7541315,MW213039,2
1392,1,22618,BOLD:AAD5535,7541316,MW212452,2
1393,1,22618,BOLD:AAD5535,7541314,MW213132,2
1394,1,22618,BOLD:AAD5535,5125020,MW213336,2
1395,1,22620,BOLD:AAF6537,4432502,KX047942,2
1396,1,22620,BOLD:AAF6537,5125066,MW211912,2
1397,1,22620,BOLD:AAF6537,5125065,MW212171,2
1398,1,22622,BOLD:AAH8435,7541324,MW212289,2
1399,1,22622,BOLD:AAH8435,7541325,MW212158,2
1400,1,22623,BOLD:AAE4686,5115918,MW214256,2
1401,1,22644,BOLD:AAB8773,4016016,KF946817,2
1402,1,22644,BOLD:AAB8773,4015786,KF946822,2
1403,1,22644,BOLD:AAB8773,4015881,KF946823,2
1404,1,22644,BOLD:AAB8773,4016044,KF946818,2
1405,1,22644,BOLD:AAB8773,4016102,KF946816,2
1406,1,22644,BOLD:AAB8773,4016029,KF946819,2
1407,1,22644,BOLD:AAB8773,4015800,KF946821,2
1408,1,22644,BOLD:AAB8773,4015868,KF946815,2
1409,1,22644,BOLD:AAB8773,4015944,KF946820,2
1410,1,22677,BOLD:AAF4832,3173619,AY651189,2
1411,1,22677,BOLD:AAF4832,3173618,AY651190,2
1412,1,22829,BOLD:AAD1222,4016006,KF946828,2
1413,1,22829,BOLD:AAD1222,4016011,KF946827,2
1414,1,22829,BOLD:AAD1222,4016075,KF946825,2
1415,1,22829,BOLD:AAD1222,4016024,KF946826,2
1416,1,22829,BOLD:AAD1222,4016068,KF946824,2
1417,1,23061,BOLD:AAA9506,4633273,KT601584,2
1418,1,23062,BOLD:AAZ5085,4098023,KF930635,2
1419,1,23064,BOLD:AAA9506,4716679,KT601593,2
1420,1,23064,BOLD:AAA9506,4098028,KF930641,2
1421,1,23064,BOLD:AAA9506,4098031,KC900479,2
1422,1,23064,BOLD:AAA9506,4716677,KT601609,2
1423,1,23066,BOLD:ACF0224,4633274,KC900494,2
1424,1,23069,BOLD:AAC6630,4633275,KT601585,2
1425,1,23071,BOLD:AAD3756,4716672,KT601587,2
1426,1,23072,BOLD:AAG4665,4633277,KX281064,2
1427,1,23079,BOLD:AAE4790,3531960,HM902106,2
1428,1,23080,BOLD:ACG0515,5276261,KF369849,3
1429,1,23080,BOLD:ACG0515,5227476,KF369498,2
1430,1,23270,BOLD:AAC5320,4054195,KF946829,2
1431,1,23340,BOLD:AAB9813,4016078,KF946830,2
1432,1,23340,BOLD:AAB9813,4016086,KF946831,2
1433,1,23340,BOLD:AAB9813,4016094,KF946832,2
1434,1,23343,BOLD:AAB4277,4015733,KF946834,2
1435,1,23343,BOLD:AAB4277,4015739,KF946833,2
1436,1,23404,BOLD:AAB4901,4016066,KF946796,2
1437,1,23404,BOLD:AAB4901,4015791,KF946797,2
1438,1,23627,BOLD:AAA2225,12321255,MK541994,2
1439,1,23627,BOLD:AAA2225,14121856,MW288139,2
1440,1,23627,BOLD:AAA2225,14121855,MW288138,2
1441,1,23869,BOLD:ACH7545,5492879,JQ921157,2
1442,1,24127,BOLD:AAF6273,2634829,KX044947,2
1443,1,24445,BOLD:ACS3325,8398320,MK073258,2
1444,1,24600,BOLD:AAD9479,4432132,KX049291,2
1445,1,24600,BOLD:AAD9479,4443567,KX048957,2
1446,1,24643,BOLD:AAC0728,4468564,KX048746,2
1447,1,24643,BOLD:AAC0728,4443962,KX047594,2
1448,1,24643,BOLD:AAC0728,4432314,KX049036,2
1449,1,24643,BOLD:AAC0728,4443960,KX047638,2
1450,1,24643,BOLD:AAC0728,4432313,KX049270,2
1451,1,24643,BOLD:AAC0728,4443961,KX049873,2
1452,1,24671,BOLD:AAV2188,4432081,KX047825,2
1453,1,24677,BOLD:AAD3263,4444252,KX048530,2
1454,1,24777,BOLD:AAB1046,4054181,KF946837,2
1455,1,24777,BOLD:AAB1046,4054180,KF946838,2
1456,1,24777,BOLD:AAB1046,4054182,KF946836,2
1457,1,24777,BOLD:AAB1046,4054179,KF946840,2
1458,1,24777,BOLD:AAB1046,4054178,KF946839,2
1459,1,24910,BOLD:AAA5035,4015752,KF946841,2
1460,1,24910,BOLD:AAA5035,3377396,GU097204,2
1461,1,24910,BOLD:AAA5035,2854144,GU097251,2
1462,1,24910,BOLD:AAA5035,3377395,GU097205,2
1463,1,24910,BOLD:AAA5035,2854146,GU097252,2
1464,1,24939,BOLD:AAD6088,4432264,KX049949,2
1465,1,24941,BOLD:AAF8372,4054164,KF946842,2
1466,1,24948,BOLD:AAB6219,4015782,KF946847,2
1467,1,25025,BOLD:AAD5126,10956253,MG383956,2
1468,1,25235,BOLD:AAB6658,4444265,KF714667,2
1469,1,25235,BOLD:AAB6658,4444267,KF714641,2
1470,1,25235,BOLD:AAB6658,4444266,KF714647,2
1471,1,25382,BOLD:AAB3886,4054192,KF946848,2
1472,1,25387,BOLD:AAC3225,12420724,MK160498,2
1473,1,25654,BOLD:AAD0100,4015799,KF946850,2
1474,1,25654,BOLD:AAD0100,4015778,KF946849,2
1475,1,25899,BOLD:ACE7197,4432307,KX048704,2
1476,1,25937,BOLD:AAB1555,4468569,KX048272,2
1477,1,25937,BOLD:AAB1555,4468567,KX048212,2
1478,1,25937,BOLD:AAB1555,4468568,KX048629,2
1479,1,25937,BOLD:AAB1555,4432143,KX048030,2
1480,1,25937,BOLD:AAB1555,4432144,KX048059,2
1481,1,25937,BOLD:AAB1555,4468566,KX047725,2
1482,1,25937,BOLD:AAB1555,4432142,KX047873,2
1483,1,25959,BOLD:AAC7473,4432329,KF807459,2
1484,1,25959,BOLD:AAC7473,4432330,KF807450,2
1485,1,25963,BOLD:AAC2115,4444248,KF807653,2
1486,1,26097,BOLD:AAB7343,4431755,KX047705,2
1487,1,26097,BOLD:AAB7343,4431754,KX048086,2
1488,1,26099,BOLD:AAB7329,4431756,KX049128,2
1489,1,26503,BOLD:AAC1413,4015829,KF946851,2
1490,1,26682,BOLD:AAB6107,4432090,KX048130,2
1491,1,26682,BOLD:AAB6107,4432089,KX049392,2
1492,1,26731,BOLD:AAB2233,4468551,KX048974,2
1493,1,26731,BOLD:AAB2233,4431800,KX048615,2
1494,1,26731,BOLD:AAB2233,4443914,KX048667,2
1495,1,26731,BOLD:AAB2233,4468552,KX048194,2
1496,1,26809,BOLD:AAD4282,4432259,KX048157,2
1497,1,26809,BOLD:AAD4282,4468608,KX047990,2
1498,1,26809,BOLD:AAD4282,4468609,KX049140,2
1499,1,26809,BOLD:AAD4282,4432145,KX049661,2
1500,1,26921,BOLD:AAH9891,4432433,KX047670,2
1501,1,26921,BOLD:AAH9891,4432434,KX048247,2
1502,1,27074,BOLD:AAB8183,4015764,KF946853,2
1503,1,27074,BOLD:AAB8183,4015732,KF946852,2
1504,1,27075,BOLD:AAC3312,4015748,KF946854,2
1505,1,27075,BOLD:AAC3312,4015757,KF946855,2
1506,1,27075,BOLD:AAC3312,4015750,KF946857,2
1507,1,27075,BOLD:AAC3312,4015771,KF946856,2
1508,1,27076,BOLD:AAC0927,4015753,KF946859,2
1509,1,27076,BOLD:AAC0927,7219897,KF946858,2
1510,1,27086,BOLD:AAB6794,4054189,KF946862,2
1511,1,27087,BOLD:AAC2358,4054190,KF946863,2
1512,1,27092,BOLD:ACF2056,4015849,KF946861,2
1513,1,27139,BOLD:AAP7527,3994928,KX281327,2
1514,1,27145,BOLD:ACG8934,5325072,KX281290,2
1515,1,27149,BOLD:ABX4837,5325121,KX281372,2
1516,1,27157,BOLD:ABW2333,4432488,KX049852,2
1517,1,27157,BOLD:ABW2333,4432487,KX049075,2
1518,1,27169,BOLD:AAV8370,14266638,MW899208,2
1519,1,27169,BOLD:AAV8370,12635293,MW899204,2
1520,1,27169,BOLD:AAV8370,5325527,MW899216,2
1521,1,27175,BOLD:AAQ1029,4432493,KX049466,2
1522,1,27175,BOLD:AAQ1029,4432359,KX048949,2
1523,1,27175,BOLD:AAQ1029,4432358,KX049336,2
1524,1,27183,BOLD:AAI0023,5324971,MH917765,2
1525,1,27183,BOLD:AAI0023,3994898,MH917756,2
1526,1,27246,BOLD:AAE9043,4015792,KF946864,2
1527,1,27249,BOLD:AAF7020,4016063,KF946865,2
1528,1,27451,BOLD:AAC1121,4015867,KF946870,2
1529,1,27451,BOLD:AAC1121,7219905,KF946866,2
1530,1,27451,BOLD:AAC1121,4015847,KF946869,2
1531,1,27451,BOLD:AAC1121,4015882,KF946868,2
1532,1,27451,BOLD:AAC1121,4016023,KF946871,2
1533,1,27451,BOLD:AAC1121,7219906,KF946867,2
1534,1,27452,BOLD:AAD8580,4016026,KF946874,2
1535,1,27452,BOLD:AAD8580,4016065,KF946873,2
1536,1,27452,BOLD:AAD8580,7219911,KF946872,2
1537,1,27452,BOLD:AAD8580,4015930,KF946875,2
1538,1,27454,BOLD:AAB8930,4016008,KF946877,2
1539,1,27454,BOLD:AAB8930,4015781,KF946880,2
1540,1,27454,BOLD:AAB8930,4015929,KF946878,2
1541,1,27454,BOLD:AAB8930,4015835,KF946879,2
1542,1,27454,BOLD:AAB8930,4015980,KF946876,2
1543,1,27456,BOLD:AAC0535,4015808,KF946890,2
1544,1,27456,BOLD:AAC0536,4016099,KF946882,2
1545,1,27456,BOLD:AAC0535,4015985,KF946888,2
1546,1,27456,BOLD:AAC0535,4015965,KF946883,2
1547,1,27456,BOLD:AAC0536,4015811,KF946881,2
1548,1,27456,BOLD:AAC0535,4016036,KF946885,2
1549,1,27456,BOLD:AAC0535,4015897,KF946887,2
1550,1,27456,BOLD:AAC0535,4015938,KF946884,2
1551,1,27456,BOLD:AAC0535,4015780,KF946889,2
1552,1,27456,BOLD:AAC0535,4016095,KF946886,2
1553,1,27462,BOLD:AAD2043,4015914,KF946891,2
1554,1,27465,BOLD:AAG1996,9700539,KM245077,2
1555,1,27465,BOLD:AAG1996,9700540,KM245078,2
1556,1,27486,BOLD:AAK1032,5227404,KF369553,2
1557,1,27486,BOLD:AAK1032,5276184,KF369913,3
1558,1,27547,BOLD:AAD2243,4432336,KX049019,2
1559,1,27547,BOLD:AAD2243,4432335,KX048145,2
1560,1,27547,BOLD:AAD2243,4432334,KX049975,2
1561,1,27697,BOLD:AAZ6995,4117360,JN992041,2
1562,1,27701,BOLD:AAB5577,4117383,JN992044,2
1563,1,28002,BOLD:ACE6105,4432369,KX049473,2
1564,1,28116,BOLD:AAC3100,13754959,MN312076,2
1565,1,28122,BOLD:AAD2597,13754956,MN312073,2
1566,1,28187,BOLD:AAD6933,4444229,KX049205,2
1567,1,28187,BOLD:AAD6933,4468556,KX050063,2
1568,1,28187,BOLD:AAD6933,4468555,KX048680,2
1569,1,28245,BOLD:ABY3244,3139580,AJ414582,2
1570,1,28312,BOLD:AAC3003,4432059,KX047782,2
1571,1,28312,BOLD:AAC3003,4432060,KX049733,2
1572,1,28340,BOLD:ABV0114,4431980,KX049095,2
1573,1,28457,BOLD:AAE7880,4444219,KX048811,2
1574,1,28457,BOLD:AAE7880,4443507,KX049102,2
1575,1,28459,BOLD:AAC9682,4431973,KX049578,2
1576,1,28459,BOLD:AAC9682,4432056,KX049399,2
1577,1,28554,BOLD:AAC4671,4432266,KX047888,2
1578,1,28554,BOLD:AAC4671,4432267,KX049707,2
1579,1,28594,BOLD:AAI0333,4432372,KX047592,2
1580,1,28594,BOLD:AAI0333,4432373,KX047872,2
1581,1,28601,BOLD:AAC3847,4431939,KX048718,2
1582,1,28601,BOLD:AAC3847,4431836,KX047982,2
1583,1,28604,BOLD:AAB4053,4431835,KX048343,2
1584,1,28604,BOLD:AAB4053,4468579,KX049663,2
1585,1,28604,BOLD:AAB4053,4468580,KX049393,2
1586,1,28604,BOLD:AAB4053,4468578,KX047858,2
1587,1,28693,BOLD:AAF8247,7540721,OK346177,2
1588,1,28693,BOLD:AAF8247,4431935,KX049705,2
1589,1,28693,BOLD:AAF8247,5125048,OK346187,2
1590,1,28693,BOLD:AAF8247,5115921,OK346167,2
1591,1,28693,BOLD:AAF8247,5115920,OK346164,2
1592,1,28693,BOLD:AAF8247,5115917,OK346163,2
1593,1,28693,BOLD:AAF8247,5125064,OK346179,2
1594,1,28693,BOLD:AAF8247,5115919,OK346181,2
1595,1,28739,BOLD:AAC2506,4432098,KX047708,2
1596,1,28739,BOLD:AAC2506,4432099,KX049952,2
1597,1,28739,BOLD:AAC2506,4432097,KX049189,2
1598,1,29090,BOLD:AAC7472,4431817,KX048483,2
1599,1,29204,BOLD:AAC1066,2671177,EU525573,2
1600,1,29205,BOLD:AAC7026,4015796,KF946892,2
1601,1,29208,BOLD:AAB6252,4016014,KF946893,2
1602,1,29300,BOLD:AAJ8815,2610732,MH272193,2
1603,1,29300,BOLD:AAJ8815,3615764,HQ551282,2
1604,1,29463,BOLD:AAB9460,6838490,HM460111,2
1605,1,29463,BOLD:ACQ0960,6838510,HM460131,2
1606,1,29466,BOLD:ACQ5040,6838559,HM460180,2
1607,1,29466,BOLD:ACQ5040,6838561,HM460182,2
1608,1,29466,BOLD:ACQ5040,6838560,HM460181,2
1609,1,29466,BOLD:ACQ5040,6838558,HM460179,2
1610,1,29466,BOLD:ACQ5040,6838563,HM460184,2
1611,1,29466,BOLD:ACQ5040,6838562,HM460183,2
1612,1,29485,BOLD:AAC5096,4015839,KF946896,2
1613,1,29486,BOLD:AAB3922,4015952,KF946904,2
1614,1,29486,BOLD:AAB3922,4015962,KF946898,2
1615,1,29486,BOLD:AAB3922,4015932,KF946897,2
1616,1,29486,BOLD:AAB3922,4016025,KF946902,2
1617,1,29486,BOLD:AAB3922,4016020,KF946901,2
1618,1,29486,BOLD:AAB3922,4016045,KF946900,2
1619,1,29486,BOLD:AAB3922,4016013,KF946903,2
1620,1,29486,BOLD:AAB3922,4015922,KF946899,2
1621,1,29489,BOLD:AAC1081,7219944,KF946905,2
1622,1,29489,BOLD:AAC1081,7219945,KF946906,2
1623,1,29491,BOLD:ABX6220,4015961,KF946911,2
1624,1,29491,BOLD:ABX6220,4015813,KF946912,2
1625,1,29491,BOLD:ABX6220,4016076,KF946910,2
1626,1,29491,BOLD:ABX6220,4015943,KF946908,2
1627,1,29491,BOLD:ABX6220,4016053,KF946909,2
1628,1,29491,BOLD:ABX6220,4015969,KF946907,2
1629,1,29492,BOLD:AAC1762,4015806,KF946913,2
1630,1,29587,BOLD:AAB5189,4443911,KX049457,2
1631,1,29587,BOLD:AAB5189,4443913,KX049295,2
1632,1,29587,BOLD:AAB5189,4443912,KX048223,2
1633,1,29597,BOLD:ADF4135,11612066,KY986273,2
1634,1,29603,BOLD:AAB4828,4015795,KF946922,2
1635,1,29603,BOLD:AAB4828,4015789,KF946926,2
1636,1,29603,BOLD:AAB4828,4015866,KF946925,2
1637,1,29603,BOLD:AAB4828,4015887,KF946919,2
1638,1,29603,BOLD:AAB4828,4015885,KF946924,2
1639,1,29603,BOLD:AAB4828,4015788,KF946921,2
1640,1,29603,BOLD:AAB4828,4015878,KF946918,2
1641,1,29603,BOLD:AAB4828,4015979,KF946916,2
1642,1,29603,BOLD:AAB4828,3250297,FJ465382,2
1643,1,29603,BOLD:AAB4828,4015898,KF946923,2
1644,1,29603,BOLD:AAB4828,4015906,KF946920,2
1645,1,29603,BOLD:AAB4828,4015994,KF946914,2
1646,1,29603,BOLD:AAB4828,4016002,KF946915,2
1647,1,29603,BOLD:AAB4828,4015934,KF946917,2
1648,1,29603,BOLD:AAB4828,3250296,FJ465383,2
1649,1,29652,BOLD:AAB7617,4015920,KF946927,2
1650,1,29652,BOLD:AAB7617,4016081,KF946928,2
1651,1,29652,BOLD:AAB7617,4016080,KF946929,2
1652,1,29752,BOLD:AAC2697,4015955,KF946932,2
1653,1,29752,BOLD:AAC2697,4015976,KF946933,2
1654,1,29752,BOLD:AAC2697,4015992,KF946934,2
1655,1,29752,BOLD:AAC2697,4015968,KF946935,2
1656,1,29752,BOLD:AAC2697,4015960,KF946931,2
1657,1,29752,BOLD:AAC2697,4015984,KF946930,2
1658,1,29752,BOLD:AAC2697,4015747,KF946937,2
1659,1,29752,BOLD:AAC2697,4015749,KF946936,2
1660,1,29810,BOLD:ACL8661,6131839,KX843925,2
1661,1,29905,BOLD:AAE9886,4443899,KX048100,2
1662,1,29905,BOLD:AAE9886,4443900,KX048865,2
1663,1,29979,BOLD:ABZ0894,4444237,KX048174,2
1664,1,29979,BOLD:AAA7001,4432325,KX048728,2
1665,1,29979,BOLD:AAA7001,4432326,KX048969,2
1666,1,29979,BOLD:ABZ0894,4431812,KX049617,2
1667,1,29979,BOLD:AAA7001,4468539,KX048104,2
1668,1,29980,BOLD:ACF4785,4431811,KX047974,2
1669,1,29980,BOLD:ACF4785,4443891,KX049022,2
1670,1,29980,BOLD:ACF4785,4443892,KX050139,2
1671,1,29980,BOLD:ACF4785,4432001,KX049157,2
1672,1,29981,BOLD:AAA6836,4444236,KX049682,2
1673,1,29983,BOLD:AAC9330,4443548,KX049886,2
1674,1,29983,BOLD:AAC9330,4443547,KX048411,2
1675,1,29983,BOLD:AAC9330,4443546,KX048424,2
1676,1,30022,BOLD:AAA2144,4443925,KX049625,2
1677,1,30022,BOLD:AAA2144,4443513,KX049743,2
1678,1,30022,BOLD:AAA2144,4443512,KX050118,2
1679,1,30027,BOLD:AAB8843,4443514,KX048794,2
1680,1,30027,BOLD:AAB8843,4432026,KX047836,2
1681,1,30027,BOLD:AAB8843,4443516,KX049890,2
1682,1,30027,BOLD:AAB8843,4432027,KX049161,2
1683,1,30027,BOLD:AAB8843,4468595,KX047667,2
1684,1,30027,BOLD:AAB8843,4443515,KX049928,2
1685,1,30159,BOLD:AAD0001,4431801,KX048320,2
1686,1,30159,BOLD:AAD0001,4431802,KX049993,2
1687,1,30198,BOLD:AAD1936,4432465,KX049938,2
1688,1,30198,BOLD:AAD1936,4432187,KX048126,2
1689,1,30198,BOLD:AAD1936,4432112,KX050127,2
1690,1,30198,BOLD:AAD1936,4432113,KX047764,2
1691,1,30198,BOLD:AAD1936,4432114,KX049182,2
1692,1,30198,BOLD:AAD1936,4432186,KX048072,2
1693,1,30244,BOLD:ACX0947,14754915,MW664911,2
